time,value
1705330554994795700,"send_rep_1_p_1_s_00100101100010010110"
1705330555548179400,"send_rep_1_p_1_s_01000001011001000110000101101101"
1705330556076770800,"send_rep_1_p_1_s_100"
1705330556592928300,"send_rep_1_p_1_s_111"
1705330557125420400,"send_rep_1_p_2_s_00100101100010010110"
1705330557686552100,"send_rep_1_p_2_s_01000001011001000110000101101101"
1705330558227266300,"send_rep_1_p_2_s_100"
1705330558739035700,"send_rep_1_p_2_s_111"
1705330559271656900,"send_rep_1_p_3_s_00100101100010010110"
1705330559824542400,"send_rep_1_p_3_s_01000001011001000110000101101101"
1705330560356320000,"send_rep_1_p_3_s_100"
1705330560869257900,"send_rep_1_p_3_s_111"
1705330561401308100,"send_rep_1_p_4_s_00100101100010010110"
1705330561950436100,"send_rep_1_p_4_s_01000001011001000110000101101101"
1705330562473933200,"send_rep_1_p_4_s_100"
1705330562982595200,"send_rep_1_p_4_s_111"
1705330563506362500,"send_rep_1_p_5_s_00100101100010010110"
1705330564060124300,"send_rep_1_p_5_s_01000001011001000110000101101101"
1705330564592001500,"send_rep_1_p_5_s_100"
1705330565104169600,"send_rep_1_p_5_s_111"
1705330565636728800,"send_rep_1_p_6_s_00100101100010010110"
1705330566189442000,"send_rep_1_p_6_s_01000001011001000110000101101101"
1705330566714132700,"send_rep_1_p_6_s_100"
1705330567229412100,"send_rep_1_p_6_s_111"
1705330567762234500,"send_rep_1_p_7_s_00100101100010010110"
1705330568306974400,"send_rep_1_p_7_s_01000001011001000110000101101101"
1705330568823865600,"send_rep_1_p_7_s_100"
1705330569336041500,"send_rep_1_p_7_s_111"
1705330569868431600,"send_rep_1_p_8_s_00100101100010010110"
1705330570478707500,"send_rep_1_p_8_s_01000001011001000110000101101101"
1705330571097000600,"send_rep_1_p_8_s_100"
1705330571621335800,"send_rep_1_p_8_s_111"
1705330572161802200,"send_rep_1_p_9_s_00100101100010010110"
1705330572772262800,"send_rep_1_p_9_s_01000001011001000110000101101101"
1705330573394973400,"send_rep_1_p_9_s_100"
1705330573919039800,"send_rep_1_p_9_s_111"
1705330574460120200,"send_rep_1_p_10_s_00100101100010010110"
1705330575008981600,"send_rep_1_p_10_s_01000001011001000110000101101101"
1705330575536764800,"send_rep_1_p_10_s_100"
1705330576045326200,"send_rep_1_p_10_s_111"
1705330576577807300,"send_rep_1_p_11_s_00100101100010010110"
1705330577118548200,"send_rep_1_p_11_s_01000001011001000110000101101101"
1705330577626407500,"send_rep_1_p_11_s_100"
1705330578138386100,"send_rep_1_p_11_s_111"
1705330578667013200,"send_rep_1_p_12_s_00100101100010010110"
1705330579211806400,"send_rep_1_p_12_s_01000001011001000110000101101101"
1705330579727665900,"send_rep_1_p_12_s_100"
1705330580243989400,"send_rep_1_p_12_s_111"
1705330580776361900,"send_rep_1_p_13_s_00100101100010010110"
1705330581295890000,"send_rep_1_p_13_s_01000001011001000110000101101101"
1705330581776043200,"send_rep_1_p_13_s_100"
1705330582275780900,"send_rep_1_p_13_s_111"
1705330582795888700,"send_rep_1_p_14_s_00100101100010010110"
1705330583320147100,"send_rep_1_p_14_s_01000001011001000110000101101101"
1705330583807548400,"send_rep_1_p_14_s_100"
1705330584311497900,"send_rep_1_p_14_s_111"
1705330584831388200,"send_rep_1_p_15_s_00100101100010010110"
1705330585355704700,"send_rep_1_p_15_s_01000001011001000110000101101101"
1705330585843321200,"send_rep_1_p_15_s_100"
1705330586346588200,"send_rep_1_p_15_s_111"
1705330586867360600,"send_rep_1_p_16_s_00100101100010010110"
1705330587403341000,"send_rep_1_p_16_s_01000001011001000110000101101101"
1705330587907945100,"send_rep_1_p_16_s_100"
1705330588415154700,"send_rep_1_p_16_s_111"
1705330588935860600,"send_rep_1_p_17_s_00100101100010010110"
1705330589460289400,"send_rep_1_p_17_s_01000001011001000110000101101101"
1705330589951842400,"send_rep_1_p_17_s_100"
1705330590451331900,"send_rep_1_p_17_s_111"
1705330590970902200,"send_rep_1_p_18_s_00100101100010010110"
1705330591508133600,"send_rep_1_p_18_s_01000001011001000110000101101101"
1705330592015751700,"send_rep_1_p_18_s_100"
1705330592519865900,"send_rep_1_p_18_s_111"
1705330593043737000,"send_rep_1_p_19_s_00100101100010010110"
1705330593563910000,"send_rep_1_p_19_s_01000001011001000110000101101101"
1705330594043660900,"send_rep_1_p_19_s_100"
1705330594542664800,"send_rep_1_p_19_s_111"
1705330595063613100,"send_rep_1_p_20_s_00100101100010010110"
1705330595587911200,"send_rep_1_p_20_s_01000001011001000110000101101101"
1705330596075325600,"send_rep_1_p_20_s_100"
1705330596579132600,"send_rep_1_p_20_s_111"
1705330597099522100,"send_rep_1_p_21_s_00100101100010010110"
1705330597623345100,"send_rep_1_p_21_s_01000001011001000110000101101101"
1705330598110958200,"send_rep_1_p_21_s_100"
1705330598614910600,"send_rep_1_p_21_s_111"
1705330599135101500,"send_rep_1_p_22_s_00100101100010010110"
1705330599671801000,"send_rep_1_p_22_s_01000001011001000110000101101101"
1705330600175503900,"send_rep_1_p_22_s_100"
1705330600679538900,"send_rep_1_p_22_s_111"
1705330601203795800,"send_rep_1_p_23_s_00100101100010010110"
1705330601728017600,"send_rep_1_p_23_s_01000001011001000110000101101101"
1705330602219049800,"send_rep_1_p_23_s_100"
1705330602719302000,"send_rep_1_p_23_s_111"
1705330603239051900,"send_rep_1_p_24_s_00100101100010010110"
1705330603776221600,"send_rep_1_p_24_s_01000001011001000110000101101101"
1705330604284182500,"send_rep_1_p_24_s_100"
1705330604787933300,"send_rep_1_p_24_s_111"
1705330605312257300,"send_rep_1_p_25_s_00100101100010010110"
1705330605836722400,"send_rep_1_p_25_s_01000001011001000110000101101101"
1705330606327698400,"send_rep_1_p_25_s_100"
1705330606830600100,"send_rep_1_p_25_s_111"
1705330607356296900,"send_rep_1_p_26_s_00100101100010010110"
1705330607892896900,"send_rep_1_p_26_s_01000001011001000110000101101101"
1705330608404696300,"send_rep_1_p_26_s_100"
1705330608912818100,"send_rep_1_p_26_s_111"
1705330609436876600,"send_rep_2_p_1_s_00100101100010010110"
1705330610030822300,"send_rep_2_p_1_s_01000001011001000110000101101101"
1705330610616687100,"send_rep_2_p_1_s_100"
1705330611149206700,"send_rep_2_p_1_s_111"
1705330611698235900,"send_rep_2_p_2_s_00100101100010010110"
1705330612304205900,"send_rep_2_p_2_s_01000001011001000110000101101101"
1705330612918691900,"send_rep_2_p_2_s_100"
1705330613443063000,"send_rep_2_p_2_s_111"
1705330613987327900,"send_rep_2_p_3_s_00100101100010010110"
1705330614581156800,"send_rep_2_p_3_s_01000001011001000110000101101101"
1705330615171652800,"send_rep_2_p_3_s_100"
1705330615703834700,"send_rep_2_p_3_s_111"
1705330616248206700,"send_rep_2_p_4_s_00100101100010010110"
1705330616830758200,"send_rep_2_p_4_s_01000001011001000110000101101101"
1705330617404262300,"send_rep_2_p_4_s_100"
1705330617919755600,"send_rep_2_p_4_s_111"
1705330618452866900,"send_rep_2_p_5_s_00100101100010010110"
1705330619045829400,"send_rep_2_p_5_s_01000001011001000110000101101101"
1705330619636652200,"send_rep_2_p_5_s_100"
1705330620168293200,"send_rep_2_p_5_s_111"
1705330620713684400,"send_rep_2_p_6_s_00100101100010010110"
1705330621303521400,"send_rep_2_p_6_s_01000001011001000110000101101101"
1705330621885408700,"send_rep_2_p_6_s_100"
1705330622417567100,"send_rep_2_p_6_s_111"
1705330622965991900,"send_rep_2_p_7_s_00100101100010010110"
1705330623539210800,"send_rep_2_p_7_s_01000001011001000110000101101101"
1705330624100486200,"send_rep_2_p_7_s_100"
1705330624624209100,"send_rep_2_p_7_s_111"
1705330625169770400,"send_rep_2_p_8_s_00100101100010010110"
1705330625875076700,"send_rep_2_p_8_s_01000001011001000110000101101101"
1705330626645071100,"send_rep_2_p_8_s_100"
1705330627192625200,"send_rep_2_p_8_s_111"
1705330627755174200,"send_rep_2_p_9_s_00100101100010010110"
1705330628462244900,"send_rep_2_p_9_s_01000001011001000110000101101101"
1705330629232526900,"send_rep_2_p_9_s_100"
1705330629782823300,"send_rep_2_p_9_s_111"
1705330630343333700,"send_rep_2_p_10_s_00100101100010010110"
1705330630932750600,"send_rep_2_p_10_s_01000001011001000110000101101101"
1705330631510462000,"send_rep_2_p_10_s_100"
1705330632035371400,"send_rep_2_p_10_s_111"
1705330632575955100,"send_rep_2_p_11_s_00100101100010010110"
1705330633145481500,"send_rep_2_p_11_s_01000001011001000110000101101101"
1705330633689330400,"send_rep_2_p_11_s_100"
1705330634214067800,"send_rep_2_p_11_s_111"
1705330634758827300,"send_rep_2_p_12_s_00100101100010010110"
1705330635333089700,"send_rep_2_p_12_s_01000001011001000110000101101101"
1705330635894148200,"send_rep_2_p_12_s_100"
1705330636422472000,"send_rep_2_p_12_s_111"
1705330636971162300,"send_rep_2_p_13_s_00100101100010010110"
1705330637495854900,"send_rep_2_p_13_s_01000001011001000110000101101101"
1705330637983145500,"send_rep_2_p_13_s_100"
1705330638486258600,"send_rep_2_p_13_s_111"
1705330639006409700,"send_rep_2_p_14_s_00100101100010010110"
1705330639543662000,"send_rep_2_p_14_s_01000001011001000110000101101101"
1705330640047624800,"send_rep_2_p_14_s_100"
1705330640551592200,"send_rep_2_p_14_s_111"
1705330641074892600,"send_rep_2_p_15_s_00100101100010010110"
1705330641611760200,"send_rep_2_p_15_s_01000001011001000110000101101101"
1705330642116275600,"send_rep_2_p_15_s_100"
1705330642622637200,"send_rep_2_p_15_s_111"
1705330643143627100,"send_rep_2_p_16_s_00100101100010010110"
1705330643704495800,"send_rep_2_p_16_s_01000001011001000110000101101101"
1705330644246128600,"send_rep_2_p_16_s_100"
1705330644757950200,"send_rep_2_p_16_s_111"
1705330645282403200,"send_rep_2_p_17_s_00100101100010010110"
1705330645818380800,"send_rep_2_p_17_s_01000001011001000110000101101101"
1705330646326675300,"send_rep_2_p_17_s_100"
1705330646830719800,"send_rep_2_p_17_s_111"
1705330647355211400,"send_rep_2_p_18_s_00100101100010010110"
1705330647916101000,"send_rep_2_p_18_s_01000001011001000110000101101101"
1705330648456032100,"send_rep_2_p_18_s_100"
1705330648964777100,"send_rep_2_p_18_s_111"
1705330649493156400,"send_rep_2_p_19_s_00100101100010010110"
1705330650017015500,"send_rep_2_p_19_s_01000001011001000110000101101101"
1705330650509280600,"send_rep_2_p_19_s_100"
1705330651008500300,"send_rep_2_p_19_s_111"
1705330651528491000,"send_rep_2_p_20_s_00100101100010010110"
1705330652065493600,"send_rep_2_p_20_s_01000001011001000110000101101101"
1705330652569571200,"send_rep_2_p_20_s_100"
1705330653076481300,"send_rep_2_p_20_s_111"
1705330653597540000,"send_rep_2_p_21_s_00100101100010010110"
1705330654133564700,"send_rep_2_p_21_s_01000001011001000110000101101101"
1705330654640766500,"send_rep_2_p_21_s_100"
1705330655145723800,"send_rep_2_p_21_s_111"
1705330655670302900,"send_rep_2_p_22_s_00100101100010010110"
1705330656227083000,"send_rep_2_p_22_s_01000001011001000110000101101101"
1705330656767648800,"send_rep_2_p_22_s_100"
1705330657279909800,"send_rep_2_p_22_s_111"
1705330657808039300,"send_rep_2_p_23_s_00100101100010010110"
1705330658344866600,"send_rep_2_p_23_s_01000001011001000110000101101101"
1705330658848727400,"send_rep_2_p_23_s_100"
1705330659356725400,"send_rep_2_p_23_s_111"
1705330659880765600,"send_rep_2_p_24_s_00100101100010010110"
1705330660438320500,"send_rep_2_p_24_s_01000001011001000110000101101101"
1705330660979024600,"send_rep_2_p_24_s_100"
1705330661490936600,"send_rep_2_p_24_s_111"
1705330662019248100,"send_rep_2_p_25_s_00100101100010010110"
1705330662555648700,"send_rep_2_p_25_s_01000001011001000110000101101101"
1705330663067760400,"send_rep_2_p_25_s_100"
1705330663575671000,"send_rep_2_p_25_s_111"
1705330664104001300,"send_rep_2_p_26_s_00100101100010010110"
1705330664668313200,"send_rep_2_p_26_s_01000001011001000110000101101101"
1705330665218323300,"send_rep_2_p_26_s_100"
1705330665734415500,"send_rep_2_p_26_s_111"
1705330666266113800,"send_rep_3_p_1_s_00100101100010010110"
1705330666901954400,"send_rep_3_p_1_s_01000001011001000110000101101101"
1705330667544317000,"send_rep_3_p_1_s_100"
1705330668089334000,"send_rep_3_p_1_s_111"
1705330668654371900,"send_rep_3_p_2_s_00100101100010010110"
1705330669309847800,"send_rep_3_p_2_s_01000001011001000110000101101101"
1705330669994535000,"send_rep_3_p_2_s_100"
1705330670530618900,"send_rep_3_p_2_s_111"
1705330671092021700,"send_rep_3_p_3_s_00100101100010010110"
1705330671727267700,"send_rep_3_p_3_s_01000001011001000110000101101101"
1705330672374573700,"send_rep_3_p_3_s_100"
1705330672918925500,"send_rep_3_p_3_s_111"
1705330673480393900,"send_rep_3_p_4_s_00100101100010010110"
1705330674094049100,"send_rep_3_p_4_s_01000001011001000110000101101101"
1705330674724860100,"send_rep_3_p_4_s_100"
1705330675245537100,"send_rep_3_p_4_s_111"
1705330675785728500,"send_rep_3_p_5_s_00100101100010010110"
1705330676421275800,"send_rep_3_p_5_s_01000001011001000110000101101101"
1705330677068167100,"send_rep_3_p_5_s_100"
1705330677612881800,"send_rep_3_p_5_s_111"
1705330678174581100,"send_rep_3_p_6_s_00100101100010010110"
1705330678804690900,"send_rep_3_p_6_s_01000001011001000110000101101101"
1705330679439730100,"send_rep_3_p_6_s_100"
1705330679984946800,"send_rep_3_p_6_s_111"
1705330680550305700,"send_rep_3_p_7_s_00100101100010010110"
1705330681156626800,"send_rep_3_p_7_s_01000001011001000110000101101101"
1705330681758037800,"send_rep_3_p_7_s_100"
1705330682299143900,"send_rep_3_p_7_s_111"
1705330682856178900,"send_rep_3_p_8_s_00100101100010010110"
1705330683659320400,"send_rep_3_p_8_s_01000001011001000110000101101101"
1705330684575598700,"send_rep_3_p_8_s_100"
1705330685146243100,"send_rep_3_p_8_s_111"
1705330685731848800,"send_rep_3_p_9_s_00100101100010010110"
1705330686538969600,"send_rep_3_p_9_s_01000001011001000110000101101101"
1705330687456113400,"send_rep_3_p_9_s_100"
1705330688029068300,"send_rep_3_p_9_s_111"
1705330688615697400,"send_rep_3_p_10_s_00100101100010010110"
1705330689238105800,"send_rep_3_p_10_s_01000001011001000110000101101101"
1705330689872709500,"send_rep_3_p_10_s_100"
1705330690409188000,"send_rep_3_p_10_s_111"
1705330690962506600,"send_rep_3_p_11_s_00100101100010010110"
1705330691555903700,"send_rep_3_p_11_s_01000001011001000110000101101101"
1705330692137969800,"send_rep_3_p_11_s_100"
1705330692674433900,"send_rep_3_p_11_s_111"
1705330693231974400,"send_rep_3_p_12_s_00100101100010010110"
1705330693837938700,"send_rep_3_p_12_s_01000001011001000110000101101101"
1705330694439747900,"send_rep_3_p_12_s_100"
1705330694985025500,"send_rep_3_p_12_s_111"
1705330695549357900,"send_rep_3_p_13_s_00100101100010010110"
1705330696078132700,"send_rep_3_p_13_s_01000001011001000110000101101101"
1705330696578498100,"send_rep_3_p_13_s_100"
1705330697081698600,"send_rep_3_p_13_s_111"
1705330697602122000,"send_rep_3_p_14_s_00100101100010010110"
1705330698146685500,"send_rep_3_p_14_s_01000001011001000110000101101101"
1705330698671515200,"send_rep_3_p_14_s_100"
1705330699178919800,"send_rep_3_p_14_s_111"
1705330699703658000,"send_rep_3_p_15_s_00100101100010010110"
1705330700252847100,"send_rep_3_p_15_s_01000001011001000110000101101101"
1705330700777123300,"send_rep_3_p_15_s_100"
1705330701284911900,"send_rep_3_p_15_s_111"
1705330701809084500,"send_rep_3_p_16_s_00100101100010010110"
1705330702390920800,"send_rep_3_p_16_s_01000001011001000110000101101101"
1705330702963733900,"send_rep_3_p_16_s_100"
1705330703479783200,"send_rep_3_p_16_s_111"
1705330704017101100,"send_rep_3_p_17_s_00100101100010010110"
1705330704561312800,"send_rep_3_p_17_s_01000001011001000110000101101101"
1705330705086022000,"send_rep_3_p_17_s_100"
1705330705594116200,"send_rep_3_p_17_s_111"
1705330706122408700,"send_rep_3_p_18_s_00100101100010010110"
1705330706704154300,"send_rep_3_p_18_s_01000001011001000110000101101101"
1705330707277641100,"send_rep_3_p_18_s_100"
1705330707793125900,"send_rep_3_p_18_s_111"
1705330708326458400,"send_rep_3_p_19_s_00100101100010010110"
1705330708858605000,"send_rep_3_p_19_s_01000001011001000110000101101101"
1705330709354295800,"send_rep_3_p_19_s_100"
1705330709858247500,"send_rep_3_p_19_s_111"
1705330710382469600,"send_rep_3_p_20_s_00100101100010010110"
1705330710927242700,"send_rep_3_p_20_s_01000001011001000110000101101101"
1705330711451530000,"send_rep_3_p_20_s_100"
1705330711955422900,"send_rep_3_p_20_s_111"
1705330712479609800,"send_rep_3_p_21_s_00100101100010010110"
1705330713028529900,"send_rep_3_p_21_s_01000001011001000110000101101101"
1705330713552731400,"send_rep_3_p_21_s_100"
1705330714060822300,"send_rep_3_p_21_s_111"
1705330714589426600,"send_rep_3_p_22_s_00100101100010010110"
1705330715165719800,"send_rep_3_p_22_s_01000001011001000110000101101101"
1705330715744339700,"send_rep_3_p_22_s_100"
1705330716259957200,"send_rep_3_p_22_s_111"
1705330716792739500,"send_rep_3_p_23_s_00100101100010010110"
1705330717341626800,"send_rep_3_p_23_s_01000001011001000110000101101101"
1705330717866269800,"send_rep_3_p_23_s_100"
1705330718373400700,"send_rep_3_p_23_s_111"
1705330718898543200,"send_rep_3_p_24_s_00100101100010010110"
1705330719480122600,"send_rep_3_p_24_s_01000001011001000110000101101101"
1705330720057481900,"send_rep_3_p_24_s_100"
1705330720573436600,"send_rep_3_p_24_s_111"
1705330721106335900,"send_rep_3_p_25_s_00100101100010010110"
1705330721659134700,"send_rep_3_p_25_s_01000001011001000110000101101101"
1705330722186870900,"send_rep_3_p_25_s_100"
1705330722703888000,"send_rep_3_p_25_s_111"
1705330723231436100,"send_rep_3_p_26_s_00100101100010010110"
1705330723826123600,"send_rep_3_p_26_s_01000001011001000110000101101101"
1705330724411197000,"send_rep_3_p_26_s_100"
1705330724936248200,"send_rep_3_p_26_s_111"
1705330725480231800,"send_rep_4_p_1_s_00100101100010010110"
1705330726152659100,"send_rep_4_p_1_s_01000001011001000110000101101101"
1705330726853100000,"send_rep_4_p_1_s_100"
1705330727414203400,"send_rep_4_p_1_s_111"
1705330727995334400,"send_rep_4_p_2_s_00100101100010010110"
1705330728696554900,"send_rep_4_p_2_s_01000001011001000110000101101101"
1705330729449934200,"send_rep_4_p_2_s_100"
1705330730002864900,"send_rep_4_p_2_s_111"
1705330730571726100,"send_rep_4_p_3_s_00100101100010010110"
1705330731252455000,"send_rep_4_p_3_s_01000001011001000110000101101101"
1705330731956683500,"send_rep_4_p_3_s_100"
1705330732516898200,"send_rep_4_p_3_s_111"
1705330733094990300,"send_rep_4_p_4_s_00100101100010010110"
1705330733742731300,"send_rep_4_p_4_s_01000001011001000110000101101101"
1705330734422214500,"send_rep_4_p_4_s_100"
1705330734950825500,"send_rep_4_p_4_s_111"
1705330735499149800,"send_rep_4_p_5_s_00100101100010010110"
1705330736175947200,"send_rep_4_p_5_s_01000001011001000110000101101101"
1705330736884534500,"send_rep_4_p_5_s_100"
1705330737441360400,"send_rep_4_p_5_s_111"
1705330738018842700,"send_rep_4_p_6_s_00100101100010010110"
1705330738686928400,"send_rep_4_p_6_s_01000001011001000110000101101101"
1705330739378942300,"send_rep_4_p_6_s_100"
1705330739936347700,"send_rep_4_p_6_s_111"
1705330740517813300,"send_rep_4_p_7_s_00100101100010010110"
1705330741152829400,"send_rep_4_p_7_s_01000001011001000110000101101101"
1705330741799704700,"send_rep_4_p_7_s_100"
1705330742352709800,"send_rep_4_p_7_s_111"
1705330742922327000,"send_rep_4_p_8_s_00100101100010010110"
1705330743823351000,"send_rep_4_p_8_s_01000001011001000110000101101101"
1705330744888408500,"send_rep_4_p_8_s_100"
1705330745482388400,"send_rep_4_p_8_s_111"
1705330746088671100,"send_rep_4_p_9_s_00100101100010010110"
1705330746993613500,"send_rep_4_p_9_s_01000001011001000110000101101101"
1705330748062257300,"send_rep_4_p_9_s_100"
1705330748660314700,"send_rep_4_p_9_s_111"
1705330749267050800,"send_rep_4_p_10_s_00100101100010010110"
1705330749930322900,"send_rep_4_p_10_s_01000001011001000110000101101101"
1705330750618338600,"send_rep_4_p_10_s_100"
1705330751163272500,"send_rep_4_p_10_s_111"
1705330751729001100,"send_rep_4_p_11_s_00100101100010010110"
1705330752347015500,"send_rep_4_p_11_s_01000001011001000110000101101101"
1705330752966137400,"send_rep_4_p_11_s_100"
1705330753518852500,"send_rep_4_p_11_s_111"
1705330754088423000,"send_rep_4_p_12_s_00100101100010010110"
1705330754726750400,"send_rep_4_p_12_s_01000001011001000110000101101101"
1705330755370376000,"send_rep_4_p_12_s_100"
1705330755930813800,"send_rep_4_p_12_s_111"
1705330756508670500,"send_rep_4_p_13_s_00100101100010010110"
1705330757045109000,"send_rep_4_p_13_s_01000001011001000110000101101101"
1705330757553353700,"send_rep_4_p_13_s_100"
1705330758057342600,"send_rep_4_p_13_s_111"
1705330758581808500,"send_rep_4_p_14_s_00100101100010010110"
1705330759138627900,"send_rep_4_p_14_s_01000001011001000110000101101101"
1705330759679434600,"send_rep_4_p_14_s_100"
1705330760187425200,"send_rep_4_p_14_s_111"
1705330760711736200,"send_rep_4_p_15_s_00100101100010010110"
1705330761273010500,"send_rep_4_p_15_s_01000001011001000110000101101101"
1705330761813290200,"send_rep_4_p_15_s_100"
1705330762325381100,"send_rep_4_p_15_s_111"
1705330762853234700,"send_rep_4_p_16_s_00100101100010010110"
1705330763455634900,"send_rep_4_p_16_s_01000001011001000110000101101101"
1705330764066685300,"send_rep_4_p_16_s_100"
1705330764590790000,"send_rep_4_p_16_s_111"
1705330765127555500,"send_rep_4_p_17_s_00100101100010010110"
1705330765688360800,"send_rep_4_p_17_s_01000001011001000110000101101101"
1705330766228028300,"send_rep_4_p_17_s_100"
1705330766740911000,"send_rep_4_p_17_s_111"
1705330767268607100,"send_rep_4_p_18_s_00100101100010010110"
1705330767870471800,"send_rep_4_p_18_s_01000001011001000110000101101101"
1705330768482321900,"send_rep_4_p_18_s_100"
1705330769002347900,"send_rep_4_p_18_s_111"
1705330769542883700,"send_rep_4_p_19_s_00100101100010010110"
1705330770079451900,"send_rep_4_p_19_s_01000001011001000110000101101101"
1705330770587381800,"send_rep_4_p_19_s_100"
1705330771090828600,"send_rep_4_p_19_s_111"
1705330771611350000,"send_rep_4_p_20_s_00100101100010010110"
1705330772168623100,"send_rep_4_p_20_s_01000001011001000110000101101101"
1705330772709581200,"send_rep_4_p_20_s_100"
1705330773217421200,"send_rep_4_p_20_s_111"
1705330773745742500,"send_rep_4_p_21_s_00100101100010010110"
1705330774306133000,"send_rep_4_p_21_s_01000001011001000110000101101101"
1705330774847520100,"send_rep_4_p_21_s_100"
1705330775359209600,"send_rep_4_p_21_s_111"
1705330775887086700,"send_rep_4_p_22_s_00100101100010010110"
1705330776490177600,"send_rep_4_p_22_s_01000001011001000110000101101101"
1705330777100315200,"send_rep_4_p_22_s_100"
1705330777620782500,"send_rep_4_p_22_s_111"
1705330778160864100,"send_rep_4_p_23_s_00100101100010010110"
1705330778718472800,"send_rep_4_p_23_s_01000001011001000110000101101101"
1705330779263068500,"send_rep_4_p_23_s_100"
1705330779771240100,"send_rep_4_p_23_s_111"
1705330780299006300,"send_rep_4_p_24_s_00100101100010010110"
1705330780905175900,"send_rep_4_p_24_s_01000001011001000110000101101101"
1705330781516227000,"send_rep_4_p_24_s_100"
1705330782036428300,"send_rep_4_p_24_s_111"
1705330782575600000,"send_rep_4_p_25_s_00100101100010010110"
1705330783142191800,"send_rep_4_p_25_s_01000001011001000110000101101101"
1705330783690512100,"send_rep_4_p_25_s_100"
1705330784207068600,"send_rep_4_p_25_s_111"
1705330784743570100,"send_rep_4_p_26_s_00100101100010010110"
1705330785361673900,"send_rep_4_p_26_s_01000001011001000110000101101101"
1705330785984917300,"send_rep_4_p_26_s_100"
1705330786521482300,"send_rep_4_p_26_s_111"
1705330787074572800,"send_rep_5_p_1_s_00100101100010010110"
1705330787787248400,"send_rep_5_p_1_s_01000001011001000110000101101101"
1705330788540978100,"send_rep_5_p_1_s_100"
1705330789122320200,"send_rep_5_p_1_s_111"
1705330789716721300,"send_rep_5_p_2_s_00100101100010010110"
1705330790464636500,"send_rep_5_p_2_s_01000001011001000110000101101101"
1705330791288639300,"send_rep_5_p_2_s_100"
1705330791853639800,"send_rep_5_p_2_s_111"
1705330792439639300,"send_rep_5_p_3_s_00100101100010010110"
1705330793156639500,"send_rep_5_p_3_s_01000001011001000110000101101101"
1705330793922639600,"send_rep_5_p_3_s_100"
1705330794495640900,"send_rep_5_p_3_s_111"
1705330795089639500,"send_rep_5_p_4_s_00100101100010010110"
1705330795769641200,"send_rep_5_p_4_s_01000001011001000110000101101101"
1705330796502639000,"send_rep_5_p_4_s_100"
1705330797039641400,"send_rep_5_p_4_s_111"
1705330797592641300,"send_rep_5_p_5_s_00100101100010010110"
1705330798309324700,"send_rep_5_p_5_s_01000001011001000110000101101101"
1705330799075091100,"send_rep_5_p_5_s_100"
1705330799649092000,"send_rep_5_p_5_s_111"
1705330800243091700,"send_rep_5_p_6_s_00100101100010010110"
1705330800947091900,"send_rep_5_p_6_s_01000001011001000110000101101101"
1705330801693091900,"send_rep_5_p_6_s_100"
1705330802270096900,"send_rep_5_p_6_s_111"
1705330802864091600,"send_rep_5_p_7_s_00100101100010010110"
1705330803532091200,"send_rep_5_p_7_s_01000001011001000110000101101101"
1705330804224091200,"send_rep_5_p_7_s_100"
1705330804789092500,"send_rep_5_p_7_s_111"
1705330805371094200,"send_rep_5_p_8_s_00100101100010010110"
1705330806366095100,"send_rep_5_p_8_s_01000001011001000110000101101101"
1705330808607719500,"send_rep_5_p_8_s_100"
1705330809225720900,"send_rep_5_p_8_s_111"
1705330809852718400,"send_rep_5_p_9_s_00100101100010010110"
1705330810852716100,"send_rep_5_p_9_s_01000001011001000110000101101101"
1705330812072718200,"send_rep_5_p_9_s_100"
1705330812691761200,"send_rep_5_p_9_s_111"
1705330813326719500,"send_rep_5_p_10_s_00100101100010010110"
1705330814022761200,"send_rep_5_p_10_s_01000001011001000110000101101101"
1705330814767718800,"send_rep_5_p_10_s_100"
1705330815325719000,"send_rep_5_p_10_s_111"
1705330815898509000,"send_rep_5_p_11_s_00100101100010010110"
1705330816545514000,"send_rep_5_p_11_s_01000001011001000110000101101101"
1705330817201513700,"send_rep_5_p_11_s_100"
1705330817766265600,"send_rep_5_p_11_s_111"
1705330818347891500,"send_rep_5_p_12_s_00100101100010010110"
1705330819020263300,"send_rep_5_p_12_s_01000001011001000110000101101101"
1705330819708258300,"send_rep_5_p_12_s_100"
1705330820281259600,"send_rep_5_p_12_s_111"
1705330820875260500,"send_rep_5_p_13_s_00100101100010010110"
1705330821416267400,"send_rep_5_p_13_s_01000001011001000110000101101101"
1705330821932259200,"send_rep_5_p_13_s_100"
1705330822436299200,"send_rep_5_p_13_s_111"
1705330822960259700,"send_rep_5_p_14_s_00100101100010010110"
1705330823530258900,"send_rep_5_p_14_s_01000001011001000110000101101101"
1705330824087300800,"send_rep_5_p_14_s_100"
1705330824599258100,"send_rep_5_p_14_s_111"
1705330825127259000,"send_rep_5_p_15_s_00100101100010010110"
1705330825696290100,"send_rep_5_p_15_s_01000001011001000110000101101101"
1705330826258295700,"send_rep_5_p_15_s_100"
1705330826770258700,"send_rep_5_p_15_s_111"
1705330827302292000,"send_rep_5_p_16_s_00100101100010010110"
1705330827929260500,"send_rep_5_p_16_s_01000001011001000110000101101101"
1705330828576416600,"send_rep_5_p_16_s_100"
1705330829100818700,"send_rep_5_p_16_s_111"
1705330829645833500,"send_rep_5_p_17_s_00100101100010010110"
1705330830214364400,"send_rep_5_p_17_s_01000001011001000110000101101101"
1705330830776366100,"send_rep_5_p_17_s_100"
1705330831288415500,"send_rep_5_p_17_s_111"
1705330831820364800,"send_rep_5_p_18_s_00100101100010010110"
1705330832447365900,"send_rep_5_p_18_s_01000001011001000110000101101101"
1705330833090462500,"send_rep_5_p_18_s_100"
1705330833618921800,"send_rep_5_p_18_s_111"
1705330834158923400,"send_rep_5_p_19_s_00100101100010010110"
1705330834703923800,"send_rep_5_p_19_s_01000001011001000110000101101101"
1705330835219924900,"send_rep_5_p_19_s_100"
1705330835724553500,"send_rep_5_p_19_s_111"
1705330836248253100,"send_rep_5_p_20_s_00100101100010010110"
1705330836817296300,"send_rep_5_p_20_s_01000001011001000110000101101101"
1705330837375253800,"send_rep_5_p_20_s_100"
1705330837886891800,"send_rep_5_p_20_s_111"
1705330838414849300,"send_rep_5_p_21_s_00100101100010010110"
1705330838984845600,"send_rep_5_p_21_s_01000001011001000110000101101101"
1705330839545487700,"send_rep_5_p_21_s_100"
1705330840057292400,"send_rep_5_p_21_s_111"
1705330840590339600,"send_rep_5_p_22_s_00100101100010010110"
1705330841217491300,"send_rep_5_p_22_s_01000001011001000110000101101101"
1705330841860587900,"send_rep_5_p_22_s_100"
1705330842388588900,"send_rep_5_p_22_s_111"
1705330842929589000,"send_rep_5_p_23_s_00100101100010010110"
1705330843502588400,"send_rep_5_p_23_s_01000001011001000110000101101101"
1705330844063587900,"send_rep_5_p_23_s_100"
1705330844575588600,"send_rep_5_p_23_s_111"
1705330845108589000,"send_rep_5_p_24_s_00100101100010010110"
1705330845730588100,"send_rep_5_p_24_s_01000001011001000110000101101101"
1705330846378296400,"send_rep_5_p_24_s_100"
1705330846902298300,"send_rep_5_p_24_s_111"
1705330847447071400,"send_rep_5_p_25_s_00100101100010010110"
1705330848029069900,"send_rep_5_p_25_s_01000001011001000110000101101101"
1705330848598174400,"send_rep_5_p_25_s_100"
1705330849118133700,"send_rep_5_p_25_s_111"
1705330849658894200,"send_rep_5_p_26_s_00100101100010010110"
1705330850302239800,"send_rep_5_p_26_s_01000001011001000110000101101101"
1705330850966288300,"send_rep_5_p_26_s_100"
1705330851510241800,"send_rep_5_p_26_s_111"
1705330852071242100,"send_rep_6_p_1_s_00100101100010010110"
1705330852821269200,"send_rep_6_p_1_s_01000001011001000110000101101101"
1705330853636277400,"send_rep_6_p_1_s_100"
1705330854230284000,"send_rep_6_p_1_s_111"
1705330854840700100,"send_rep_6_p_2_s_00100101100010010110"
1705330855635847500,"send_rep_6_p_2_s_01000001011001000110000101101101"
1705330856528277500,"send_rep_6_p_2_s_100"
1705330857109804200,"send_rep_6_p_2_s_111"
1705330857707924400,"send_rep_6_p_3_s_00100101100010010110"
1705330858465864100,"send_rep_6_p_3_s_01000001011001000110000101101101"
1705330859289611500,"send_rep_6_p_3_s_100"
1705330859878613800,"send_rep_6_p_3_s_111"
1705330860485811800,"send_rep_6_p_4_s_00100101100010010110"
1705330861201815800,"send_rep_6_p_4_s_01000001011001000110000101101101"
1705330861984290800,"send_rep_6_p_4_s_100"
1705330862529293600,"send_rep_6_p_4_s_111"
1705330863094304800,"send_rep_6_p_5_s_00100101100010010110"
1705330863847853400,"send_rep_6_p_5_s_01000001011001000110000101101101"
1705330864675227500,"send_rep_6_p_5_s_100"
1705330865265345500,"send_rep_6_p_5_s_111"
1705330865871796900,"send_rep_6_p_6_s_00100101100010010110"
1705330866613439800,"send_rep_6_p_6_s_01000001011001000110000101101101"
1705330867415706700,"send_rep_6_p_6_s_100"
1705330868005709500,"send_rep_6_p_6_s_111"
1705330868611707700,"send_rep_6_p_7_s_00100101100010010110"
1705330869312747600,"send_rep_6_p_7_s_01000001011001000110000101101101"
1705330870049315200,"send_rep_6_p_7_s_100"
1705330870627317200,"send_rep_6_p_7_s_111"
1705330871225316400,"send_rep_6_p_8_s_00100101100010010110"
1705330872318893400,"send_rep_6_p_8_s_01000001011001000110000101101101"
1705330873679340600,"send_rep_6_p_8_s_100"
1705330874322217000,"send_rep_6_p_8_s_111"
1705330874969209800,"send_rep_6_p_9_s_00100101100010010110"
1705330876070726200,"send_rep_6_p_9_s_01000001011001000110000101101101"
1705330877434641200,"send_rep_6_p_9_s_100"
1705330878082832900,"send_rep_6_p_9_s_111"
1705330878737680900,"send_rep_6_p_10_s_00100101100010010110"
1705330879470632400,"send_rep_6_p_10_s_01000001011001000110000101101101"
1705330880269633100,"send_rep_6_p_10_s_100"
1705330880839136400,"send_rep_6_p_10_s_111"
1705330881429133100,"send_rep_6_p_11_s_00100101100010010110"
1705330882100866700,"send_rep_6_p_11_s_01000001011001000110000101101101"
1705330882793231000,"send_rep_6_p_11_s_100"
1705330883370230100,"send_rep_6_p_11_s_111"
1705330883964272900,"send_rep_6_p_12_s_00100101100010010110"
1705330884664440200,"send_rep_6_p_12_s_01000001011001000110000101101101"
1705330885398052400,"send_rep_6_p_12_s_100"
1705330885987635400,"send_rep_6_p_12_s_111"
1705330886594632700,"send_rep_6_p_13_s_00100101100010010110"
1705330887143377200,"send_rep_6_p_13_s_01000001011001000110000101101101"
1705330887667899900,"send_rep_6_p_13_s_100"
1705330888175493900,"send_rep_6_p_13_s_111"
1705330888699446700,"send_rep_6_p_14_s_00100101100010010110"
1705330889277524700,"send_rep_6_p_14_s_01000001011001000110000101101101"
1705330889854332600,"send_rep_6_p_14_s_100"
1705330890366518800,"send_rep_6_p_14_s_111"
1705330890899518600,"send_rep_6_p_15_s_00100101100010010110"
1705330891480519500,"send_rep_6_p_15_s_01000001011001000110000101101101"
1705330892058519600,"send_rep_6_p_15_s_100"
1705330892574192300,"send_rep_6_p_15_s_111"
1705330893107124600,"send_rep_6_p_16_s_00100101100010010110"
1705330893754575000,"send_rep_6_p_16_s_01000001011001000110000101101101"
1705330894438575200,"send_rep_6_p_16_s_100"
1705330894966213600,"send_rep_6_p_16_s_111"
1705330895516275700,"send_rep_6_p_17_s_00100101100010010110"
1705330896096818300,"send_rep_6_p_17_s_01000001011001000110000101101101"
1705330896678861400,"send_rep_6_p_17_s_100"
1705330897195061700,"send_rep_6_p_17_s_111"
1705330897727855000,"send_rep_6_p_18_s_00100101100010010110"
1705330898374857500,"send_rep_6_p_18_s_01000001011001000110000101101101"
1705330899055060500,"send_rep_6_p_18_s_100"
1705330899586965900,"send_rep_6_p_18_s_111"
1705330900136078900,"send_rep_6_p_19_s_00100101100010010110"
1705330900685263200,"send_rep_6_p_19_s_01000001011001000110000101101101"
1705330901209482900,"send_rep_6_p_19_s_100"
1705330901716677500,"send_rep_6_p_19_s_111"
1705330902241756700,"send_rep_6_p_20_s_00100101100010010110"
1705330902818862900,"send_rep_6_p_20_s_01000001011001000110000101101101"
1705330903396187000,"send_rep_6_p_20_s_100"
1705330903908405100,"send_rep_6_p_20_s_111"
1705330904437270100,"send_rep_6_p_21_s_00100101100010010110"
1705330905022983900,"send_rep_6_p_21_s_01000001011001000110000101101101"
1705330905599969900,"send_rep_6_p_21_s_100"
1705330906115992800,"send_rep_6_p_21_s_111"
1705330906648977900,"send_rep_6_p_22_s_00100101100010010110"
1705330907296511500,"send_rep_6_p_22_s_01000001011001000110000101101101"
1705330907976257500,"send_rep_6_p_22_s_100"
1705330908509256900,"send_rep_6_p_22_s_111"
1705330909057623400,"send_rep_6_p_23_s_00100101100010010110"
1705330909638897100,"send_rep_6_p_23_s_01000001011001000110000101101101"
1705330910216344500,"send_rep_6_p_23_s_100"
1705330910732417300,"send_rep_6_p_23_s_111"
1705330911268933100,"send_rep_6_p_24_s_00100101100010010110"
1705330911917003900,"send_rep_6_p_24_s_01000001011001000110000101101101"
1705330912596437200,"send_rep_6_p_24_s_100"
1705330913129522300,"send_rep_6_p_24_s_111"
1705330913677686400,"send_rep_6_p_25_s_00100101100010010110"
1705330914271827800,"send_rep_6_p_25_s_01000001011001000110000101101101"
1705330914857202200,"send_rep_6_p_25_s_100"
1705330915386034700,"send_rep_6_p_25_s_111"
1705330915930297500,"send_rep_6_p_26_s_00100101100010010110"
1705330916598297100,"send_rep_6_p_26_s_01000001011001000110000101101101"
1705330917303319300,"send_rep_6_p_26_s_100"
1705330917851360400,"send_rep_6_p_26_s_111"
1705330918420851000,"send_rep_7_p_1_s_00100101100010010110"
1705330919215727600,"send_rep_7_p_1_s_01000001011001000110000101101101"
1705330920083809800,"send_rep_7_p_1_s_100"
1705330920695282100,"send_rep_7_p_1_s_111"
1705330921321612500,"send_rep_7_p_2_s_00100101100010010110"
1705330922161200200,"send_rep_7_p_2_s_01000001011001000110000101101101"
1705330923128079000,"send_rep_7_p_2_s_100"
1705330923721289000,"send_rep_7_p_2_s_111"
1705330924332009500,"send_rep_7_p_3_s_00100101100010010110"
1705330925131029400,"send_rep_7_p_3_s_01000001011001000110000101101101"
1705330926015062100,"send_rep_7_p_3_s_100"
1705330926617690900,"send_rep_7_p_3_s_111"
1705330927240610600,"send_rep_7_p_4_s_00100101100010010110"
1705330927989855200,"send_rep_7_p_4_s_01000001011001000110000101101101"
1705330928825802300,"send_rep_7_p_4_s_100"
1705330929378727600,"send_rep_7_p_4_s_111"
1705330929947951600,"send_rep_7_p_5_s_00100101100010010110"
1705330930746656600,"send_rep_7_p_5_s_01000001011001000110000101101101"
1705330931630654500,"send_rep_7_p_5_s_100"
1705330932233908000,"send_rep_7_p_5_s_111"
1705330932852188200,"send_rep_7_p_6_s_00100101100010010110"
1705330933634189600,"send_rep_7_p_6_s_01000001011001000110000101101101"
1705330934490704600,"send_rep_7_p_6_s_100"
1705330935096680300,"send_rep_7_p_6_s_111"
1705330935719514200,"send_rep_7_p_7_s_00100101100010010110"
1705330936452422500,"send_rep_7_p_7_s_01000001011001000110000101101101"
1705330937231455400,"send_rep_7_p_7_s_100"
1705330937824390800,"send_rep_7_p_7_s_111"
1705330938431090900,"send_rep_7_p_8_s_00100101100010010110"
1705330939623714700,"send_rep_7_p_8_s_01000001011001000110000101101101"
1705330941135035000,"send_rep_7_p_8_s_100"
1705330941798428000,"send_rep_7_p_8_s_111"
1705330942470399200,"send_rep_7_p_9_s_00100101100010010110"
1705330943665343300,"send_rep_7_p_9_s_01000001011001000110000101101101"
1705330945181687200,"send_rep_7_p_9_s_100"
1705330945852691100,"send_rep_7_p_9_s_111"
1705330946528687500,"send_rep_7_p_10_s_00100101100010010110"
1705330947302504000,"send_rep_7_p_10_s_01000001011001000110000101101101"
1705330948155184600,"send_rep_7_p_10_s_100"
1705330948737809100,"send_rep_7_p_10_s_111"
1705330949335464400,"send_rep_7_p_11_s_00100101100010010110"
1705330950035581000,"send_rep_7_p_11_s_01000001011001000110000101101101"
1705330950765212000,"send_rep_7_p_11_s_100"
1705330951353692200,"send_rep_7_p_11_s_111"
1705330951960088400,"send_rep_7_p_12_s_00100101100010010110"
1705330952693620700,"send_rep_7_p_12_s_01000001011001000110000101101101"
1705330953467964100,"send_rep_7_p_12_s_100"
1705330954073985200,"send_rep_7_p_12_s_111"
1705330954696458700,"send_rep_7_p_13_s_00100101100010010110"
1705330955249458500,"send_rep_7_p_13_s_01000001011001000110000101101101"
1705330955782444000,"send_rep_7_p_13_s_100"
1705330956291040700,"send_rep_7_p_13_s_111"
1705330956819227900,"send_rep_7_p_14_s_00100101100010010110"
1705330957408656200,"send_rep_7_p_14_s_01000001011001000110000101101101"
1705330957999164900,"send_rep_7_p_14_s_100"
1705330958514405900,"send_rep_7_p_14_s_111"
1705330959046587300,"send_rep_7_p_15_s_00100101100010010110"
1705330959640591300,"send_rep_7_p_15_s_01000001011001000110000101101101"
1705330960239797200,"send_rep_7_p_15_s_100"
1705330960755167200,"send_rep_7_p_15_s_111"
1705330961291715500,"send_rep_7_p_16_s_00100101100010010110"
1705330961963218200,"send_rep_7_p_16_s_01000001011001000110000101101101"
1705330962679584200,"send_rep_7_p_16_s_100"
1705330963216946400,"send_rep_7_p_16_s_111"
1705330963770311200,"send_rep_7_p_17_s_00100101100010010110"
1705330964364620800,"send_rep_7_p_17_s_01000001011001000110000101101101"
1705330964958312800,"send_rep_7_p_17_s_100"
1705330965478743500,"send_rep_7_p_17_s_111"
1705330966014733100,"send_rep_7_p_18_s_00100101100010010110"
1705330966685837400,"send_rep_7_p_18_s_01000001011001000110000101101101"
1705330967399783100,"send_rep_7_p_18_s_100"
1705330967936004400,"send_rep_7_p_18_s_111"
1705330968493141300,"send_rep_7_p_19_s_00100101100010010110"
1705330969045883000,"send_rep_7_p_19_s_01000001011001000110000101101101"
1705330969578678800,"send_rep_7_p_19_s_100"
1705330970086460700,"send_rep_7_p_19_s_111"
1705330970610546300,"send_rep_7_p_20_s_00100101100010010110"
1705330971204430500,"send_rep_7_p_20_s_01000001011001000110000101101101"
1705330971794910400,"send_rep_7_p_20_s_100"
1705330972311160500,"send_rep_7_p_20_s_111"
1705330972843481700,"send_rep_7_p_21_s_00100101100010010110"
1705330973437280600,"send_rep_7_p_21_s_01000001011001000110000101101101"
1705330974030939700,"send_rep_7_p_21_s_100"
1705330974551521600,"send_rep_7_p_21_s_111"
1705330975087722300,"send_rep_7_p_22_s_00100101100010010110"
1705330975759713600,"send_rep_7_p_22_s_01000001011001000110000101101101"
1705330976476863000,"send_rep_7_p_22_s_100"
1705330977009458400,"send_rep_7_p_22_s_111"
1705330977566154300,"send_rep_7_p_23_s_00100101100010010110"
1705330978159926100,"send_rep_7_p_23_s_01000001011001000110000101101101"
1705330978754347500,"send_rep_7_p_23_s_100"
1705330979274300200,"send_rep_7_p_23_s_111"
1705330979809986800,"send_rep_7_p_24_s_00100101100010010110"
1705330980482653800,"send_rep_7_p_24_s_01000001011001000110000101101101"
1705330981194884700,"send_rep_7_p_24_s_100"
1705330981731655100,"send_rep_7_p_24_s_111"
1705330982284934800,"send_rep_7_p_25_s_00100101100010010110"
1705330982891279500,"send_rep_7_p_25_s_01000001011001000110000101101101"
1705330983501580200,"send_rep_7_p_25_s_100"
1705330984033647900,"send_rep_7_p_25_s_111"
1705330984579120200,"send_rep_7_p_26_s_00100101100010010110"
1705330985275372700,"send_rep_7_p_26_s_01000001011001000110000101101101"
1705330986016477600,"send_rep_7_p_26_s_100"
1705330986577792600,"send_rep_7_p_26_s_111"
1705330987155455500,"send_rep_8_p_1_s_00100101100010010110"
1705330987986944200,"send_rep_8_p_1_s_01000001011001000110000101101101"
1705330988916661300,"send_rep_8_p_1_s_100"
1705330989539510600,"send_rep_8_p_1_s_111"
1705330990181980100,"send_rep_8_p_2_s_00100101100010010110"
1705330991070040700,"send_rep_8_p_2_s_01000001011001000110000101101101"
1705330992107451100,"send_rep_8_p_2_s_100"
1705330992713720000,"send_rep_8_p_2_s_111"
1705330993336638600,"send_rep_8_p_3_s_00100101100010010110"
1705330994175762400,"send_rep_8_p_3_s_01000001011001000110000101101101"
1705330995117864600,"send_rep_8_p_3_s_100"
1705330995736163700,"send_rep_8_p_3_s_111"
1705330996375713400,"send_rep_8_p_4_s_00100101100010010110"
1705330997158231000,"send_rep_8_p_4_s_01000001011001000110000101101101"
1705330998046841500,"send_rep_8_p_4_s_100"
1705330998603961900,"send_rep_8_p_4_s_111"
1705330999181764200,"send_rep_8_p_5_s_00100101100010010110"
1705331000021412700,"send_rep_8_p_5_s_01000001011001000110000101101101"
1705331000962709300,"send_rep_8_p_5_s_100"
1705331001582111500,"send_rep_8_p_5_s_111"
1705331002217055400,"send_rep_8_p_6_s_00100101100010010110"
1705331003040040700,"send_rep_8_p_6_s_01000001011001000110000101101101"
1705331003948530000,"send_rep_8_p_6_s_100"
1705331004567560900,"send_rep_8_p_6_s_111"
1705331005205877700,"send_rep_8_p_7_s_00100101100010010110"
1705331005972381700,"send_rep_8_p_7_s_01000001011001000110000101101101"
1705331006796050500,"send_rep_8_p_7_s_100"
1705331007398612700,"send_rep_8_p_7_s_111"
1705331008021020600,"send_rep_8_p_8_s_00100101100010010110"
1705331009307396400,"send_rep_8_p_8_s_01000001011001000110000101101101"
1705331010965129900,"send_rep_8_p_8_s_100"
1705331011654160800,"send_rep_8_p_8_s_111"
1705331012350805200,"send_rep_8_p_9_s_00100101100010010110"
1705331013640899300,"send_rep_8_p_9_s_01000001011001000110000101101101"
1705331015307445100,"send_rep_8_p_9_s_100"
1705331016003535300,"send_rep_8_p_9_s_111"
1705331016704863700,"send_rep_8_p_10_s_00100101100010010110"
1705331017511276100,"send_rep_8_p_10_s_01000001011001000110000101101101"
1705331018421307500,"send_rep_8_p_10_s_100"
1705331019011259700,"send_rep_8_p_10_s_111"
1705331019621590900,"send_rep_8_p_11_s_00100101100010010110"
1705331020349896000,"send_rep_8_p_11_s_01000001011001000110000101101101"
1705331021116490600,"send_rep_8_p_11_s_100"
1705331021714497100,"send_rep_8_p_11_s_111"
1705331022332845400,"send_rep_8_p_12_s_00100101100010010110"
1705331023098913300,"send_rep_8_p_12_s_01000001011001000110000101101101"
1705331023917948600,"send_rep_8_p_12_s_100"
1705331024540494900,"send_rep_8_p_12_s_111"
1705331025175480400,"send_rep_8_p_13_s_00100101100010010110"
1705331025737050500,"send_rep_8_p_13_s_01000001011001000110000101101101"
1705331026277523400,"send_rep_8_p_13_s_100"
1705331026789798700,"send_rep_8_p_13_s_111"
1705331027314155700,"send_rep_8_p_14_s_00100101100010010110"
1705331027916046200,"send_rep_8_p_14_s_01000001011001000110000101101101"
1705331028525927000,"send_rep_8_p_14_s_100"
1705331029042584400,"send_rep_8_p_14_s_111"
1705331029578865000,"send_rep_8_p_15_s_00100101100010010110"
1705331030184850500,"send_rep_8_p_15_s_01000001011001000110000101101101"
1705331030795871800,"send_rep_8_p_15_s_100"
1705331031320141700,"send_rep_8_p_15_s_111"
1705331031856690200,"send_rep_8_p_16_s_00100101100010010110"
1705331032552521200,"send_rep_8_p_16_s_01000001011001000110000101101101"
1705331033302473800,"send_rep_8_p_16_s_100"
1705331033843367200,"send_rep_8_p_16_s_111"
1705331034399082300,"send_rep_8_p_17_s_00100101100010010110"
1705331035006524900,"send_rep_8_p_17_s_01000001011001000110000101101101"
1705331035620526200,"send_rep_8_p_17_s_100"
1705331036141170800,"send_rep_8_p_17_s_111"
1705331036681286200,"send_rep_8_p_18_s_00100101100010010110"
1705331037374161100,"send_rep_8_p_18_s_01000001011001000110000101101101"
1705331038126435000,"send_rep_8_p_18_s_100"
1705331038668242400,"send_rep_8_p_18_s_111"
1705331039225750300,"send_rep_8_p_19_s_00100101100010010110"
1705331039785283500,"send_rep_8_p_19_s_01000001011001000110000101101101"
1705331040327415800,"send_rep_8_p_19_s_100"
1705331040839374400,"send_rep_8_p_19_s_111"
1705331041363475300,"send_rep_8_p_20_s_00100101100010010110"
1705331041965255900,"send_rep_8_p_20_s_01000001011001000110000101101101"
1705331042575737600,"send_rep_8_p_20_s_100"
1705331043092287800,"send_rep_8_p_20_s_111"
1705331043629022500,"send_rep_8_p_21_s_00100101100010010110"
1705331044231082000,"send_rep_8_p_21_s_01000001011001000110000101101101"
1705331044844774400,"send_rep_8_p_21_s_100"
1705331045365452700,"send_rep_8_p_21_s_111"
1705331045905489900,"send_rep_8_p_22_s_00100101100010010110"
1705331046598007400,"send_rep_8_p_22_s_01000001011001000110000101101101"
1705331047352458600,"send_rep_8_p_22_s_100"
1705331047892942200,"send_rep_8_p_22_s_111"
1705331048449429500,"send_rep_8_p_23_s_00100101100010010110"
1705331049056205300,"send_rep_8_p_23_s_01000001011001000110000101101101"
1705331049670835800,"send_rep_8_p_23_s_100"
1705331050191104400,"send_rep_8_p_23_s_111"
1705331050731755400,"send_rep_8_p_24_s_00100101100010010110"
1705331051423444700,"send_rep_8_p_24_s_01000001011001000110000101101101"
1705331052172805600,"send_rep_8_p_24_s_100"
1705331052713988600,"send_rep_8_p_24_s_111"
1705331053275144300,"send_rep_8_p_25_s_00100101100010010110"
1705331053893952400,"send_rep_8_p_25_s_01000001011001000110000101101101"
1705331054520688800,"send_rep_8_p_25_s_100"
1705331055057205300,"send_rep_8_p_25_s_111"
1705331055610301400,"send_rep_8_p_26_s_00100101100010010110"
1705331056330909900,"send_rep_8_p_26_s_01000001011001000110000101101101"
1705331057113054500,"send_rep_8_p_26_s_100"
1705331057682415400,"send_rep_8_p_26_s_111"
1705331058268493300,"send_rep_9_p_1_s_00100101100010010110"
1705331059140513700,"send_rep_9_p_1_s_01000001011001000110000101101101"
1705331060123550800,"send_rep_9_p_1_s_100"
1705331060763003700,"send_rep_9_p_1_s_111"
1705331061422437800,"send_rep_9_p_2_s_00100101100010010110"
1705331062356418400,"send_rep_9_p_2_s_01000001011001000110000101101101"
1705331063462004300,"send_rep_9_p_2_s_100"
1705331064084991100,"send_rep_9_p_2_s_111"
1705331064719864900,"send_rep_9_p_3_s_00100101100010010110"
1705331065600467800,"send_rep_9_p_3_s_01000001011001000110000101101101"
1705331066604365200,"send_rep_9_p_3_s_100"
1705331067234865300,"send_rep_9_p_3_s_111"
1705331067886173400,"send_rep_9_p_4_s_00100101100010010110"
1705331068705604200,"send_rep_9_p_4_s_01000001011001000110000101101101"
1705331069643184200,"send_rep_9_p_4_s_100"
1705331070212620300,"send_rep_9_p_4_s_111"
1705331070794473800,"send_rep_9_p_5_s_00100101100010010110"
1705331071675383100,"send_rep_9_p_5_s_01000001011001000110000101101101"
1705331072678920400,"send_rep_9_p_5_s_100"
1705331073309486100,"send_rep_9_p_5_s_111"
1705331073960762200,"send_rep_9_p_6_s_00100101100010010110"
1705331074820914100,"send_rep_9_p_6_s_01000001011001000110000101101101"
1705331075787827900,"send_rep_9_p_6_s_100"
1705331076421778700,"send_rep_9_p_6_s_111"
1705331077074116700,"send_rep_9_p_7_s_00100101100010010110"
1705331077868705800,"send_rep_9_p_7_s_01000001011001000110000101101101"
1705331078736545200,"send_rep_9_p_7_s_100"
1705331079355712600,"send_rep_9_p_7_s_111"
1705331079985972700,"send_rep_9_p_8_s_00100101100010010110"
1705331081370279000,"send_rep_9_p_8_s_01000001011001000110000101101101"
1705331083180743200,"send_rep_9_p_8_s_100"
1705331083893352800,"send_rep_9_p_8_s_111"
1705331084606762500,"send_rep_9_p_9_s_00100101100010010110"
1705331085998767500,"send_rep_9_p_9_s_01000001011001000110000101101101"
1705331087813908400,"send_rep_9_p_9_s_100"
1705331088534734900,"send_rep_9_p_9_s_111"
1705331089255527000,"send_rep_9_p_10_s_00100101100010010110"
1705331090098284600,"send_rep_9_p_10_s_01000001011001000110000101101101"
1705331091061610300,"send_rep_9_p_10_s_100"
1705331091667075700,"send_rep_9_p_10_s_111"
1705331092286304000,"send_rep_9_p_11_s_00100101100010010110"
1705331093040671700,"send_rep_9_p_11_s_01000001011001000110000101101101"
1705331093843716000,"send_rep_9_p_11_s_100"
1705331094457910900,"send_rep_9_p_11_s_111"
1705331095088296300,"send_rep_9_p_12_s_00100101100010010110"
1705331095886575400,"send_rep_9_p_12_s_01000001011001000110000101101101"
1705331096751491900,"send_rep_9_p_12_s_100"
1705331097386170100,"send_rep_9_p_12_s_111"
1705331098038240700,"send_rep_9_p_13_s_00100101100010010110"
1705331098602690300,"send_rep_9_p_13_s_01000001011001000110000101101101"
1705331099151408200,"send_rep_9_p_13_s_100"
1705331099663111800,"send_rep_9_p_13_s_111"
1705331100192511400,"send_rep_9_p_14_s_00100101100010010110"
1705331100802752500,"send_rep_9_p_14_s_01000001011001000110000101101101"
1705331101429773900,"send_rep_9_p_14_s_100"
1705331101949934000,"send_rep_9_p_14_s_111"
1705331102486341800,"send_rep_9_p_15_s_00100101100010010110"
1705331103104461800,"send_rep_9_p_15_s_01000001011001000110000101101101"
1705331103734925100,"send_rep_9_p_15_s_100"
1705331104259960300,"send_rep_9_p_15_s_111"
1705331104800121700,"send_rep_9_p_16_s_00100101100010010110"
1705331105516893700,"send_rep_9_p_16_s_01000001011001000110000101101101"
1705331106304162800,"send_rep_9_p_16_s_100"
1705331106848634000,"send_rep_9_p_16_s_111"
1705331107414333500,"send_rep_9_p_17_s_00100101100010010110"
1705331108031697700,"send_rep_9_p_17_s_01000001011001000110000101101101"
1705331108663486800,"send_rep_9_p_17_s_100"
1705331109187591400,"send_rep_9_p_17_s_111"
1705331109727913100,"send_rep_9_p_18_s_00100101100010010110"
1705331110445371200,"send_rep_9_p_18_s_01000001011001000110000101101101"
1705331111226685400,"send_rep_9_p_18_s_100"
1705331111776380200,"send_rep_9_p_18_s_111"
1705331112341544900,"send_rep_9_p_19_s_00100101100010010110"
1705331112901838400,"send_rep_9_p_19_s_01000001011001000110000101101101"
1705331113455372000,"send_rep_9_p_19_s_100"
1705331113967812100,"send_rep_9_p_19_s_111"
1705331114496430100,"send_rep_9_p_20_s_00100101100010010110"
1705331115106536900,"send_rep_9_p_20_s_01000001011001000110000101101101"
1705331115733469300,"send_rep_9_p_20_s_100"
1705331116253788800,"send_rep_9_p_20_s_111"
1705331116790053200,"send_rep_9_p_21_s_00100101100010010110"
1705331117408156900,"send_rep_9_p_21_s_01000001011001000110000101101101"
1705331118039586900,"send_rep_9_p_21_s_100"
1705331118563591800,"send_rep_9_p_21_s_111"
1705331119104372300,"send_rep_9_p_22_s_00100101100010010110"
1705331119821362000,"send_rep_9_p_22_s_01000001011001000110000101101101"
1705331120607671300,"send_rep_9_p_22_s_100"
1705331121152460000,"send_rep_9_p_22_s_111"
1705331121717631500,"send_rep_9_p_23_s_00100101100010010110"
1705331122332394400,"send_rep_9_p_23_s_01000001011001000110000101101101"
1705331122967355700,"send_rep_9_p_23_s_100"
1705331123487180300,"send_rep_9_p_23_s_111"
1705331124031096900,"send_rep_9_p_24_s_00100101100010010110"
1705331124748204500,"send_rep_9_p_24_s_01000001011001000110000101101101"
1705331125531121200,"send_rep_9_p_24_s_100"
1705331126080276900,"send_rep_9_p_24_s_111"
1705331126640838000,"send_rep_9_p_25_s_00100101100010010110"
1705331127275786800,"send_rep_9_p_25_s_01000001011001000110000101101101"
1705331127923495500,"send_rep_9_p_25_s_100"
1705331128464057300,"send_rep_9_p_25_s_111"
1705331129021157100,"send_rep_9_p_26_s_00100101100010010110"
1705331129766843900,"send_rep_9_p_26_s_01000001011001000110000101101101"
1705331130585414300,"send_rep_9_p_26_s_100"
1705331131163633100,"send_rep_9_p_26_s_111"
1705331136758027300,"send_rep_1_p_1_s_00100101100010010110"
1705331137310778900,"send_rep_1_p_1_s_01000001011001000110000101101101"
1705331137840134800,"send_rep_1_p_1_s_100"
1705331138356240500,"send_rep_1_p_1_s_111"
1705331138888932900,"send_rep_1_p_2_s_00100101100010010110"
1705331139450162300,"send_rep_1_p_2_s_01000001011001000110000101101101"
1705331139990857100,"send_rep_1_p_2_s_100"
1705331140502925800,"send_rep_1_p_2_s_111"
1705331141035075700,"send_rep_1_p_3_s_00100101100010010110"
1705331141587044300,"send_rep_1_p_3_s_01000001011001000110000101101101"
1705331142120958500,"send_rep_1_p_3_s_100"
1705331142636164900,"send_rep_1_p_3_s_111"
1705331143169464600,"send_rep_1_p_4_s_00100101100010010110"
1705331143714223400,"send_rep_1_p_4_s_01000001011001000110000101101101"
1705331144238374000,"send_rep_1_p_4_s_100"
1705331144746164400,"send_rep_1_p_4_s_111"
1705331145269898200,"send_rep_1_p_5_s_00100101100010010110"
1705331145822281700,"send_rep_1_p_5_s_01000001011001000110000101101101"
1705331146356191200,"send_rep_1_p_5_s_100"
1705331146870931400,"send_rep_1_p_5_s_111"
1705331147404861200,"send_rep_1_p_6_s_00100101100010010110"
1705331147952645700,"send_rep_1_p_6_s_01000001011001000110000101101101"
1705331148481434300,"send_rep_1_p_6_s_100"
1705331148997306400,"send_rep_1_p_6_s_111"
1705331149530214500,"send_rep_1_p_7_s_00100101100010010110"
1705331150075518100,"send_rep_1_p_7_s_01000001011001000110000101101101"
1705331150587282800,"send_rep_1_p_7_s_100"
1705331151103217800,"send_rep_1_p_7_s_111"
1705331151631893200,"send_rep_1_p_8_s_00100101100010010110"
1705331152242387500,"send_rep_1_p_8_s_01000001011001000110000101101101"
1705331152860441700,"send_rep_1_p_8_s_100"
1705331153385034800,"send_rep_1_p_8_s_111"
1705331153925793500,"send_rep_1_p_9_s_00100101100010010110"
1705331154535387500,"send_rep_1_p_9_s_01000001011001000110000101101101"
1705331155158009600,"send_rep_1_p_9_s_100"
1705331155683175700,"send_rep_1_p_9_s_111"
1705331156223600100,"send_rep_1_p_10_s_00100101100010010110"
1705331156772058600,"send_rep_1_p_10_s_01000001011001000110000101101101"
1705331157300498000,"send_rep_1_p_10_s_100"
1705331157812973900,"send_rep_1_p_10_s_111"
1705331158340703400,"send_rep_1_p_11_s_00100101100010010110"
1705331158881275200,"send_rep_1_p_11_s_01000001011001000110000101101101"
1705331159389362400,"send_rep_1_p_11_s_100"
1705331159902240800,"send_rep_1_p_11_s_111"
1705331160433983400,"send_rep_1_p_12_s_00100101100010010110"
1705331160979320700,"send_rep_1_p_12_s_01000001011001000110000101101101"
1705331161491248300,"send_rep_1_p_12_s_100"
1705331162006917700,"send_rep_1_p_12_s_111"
1705331162539315700,"send_rep_1_p_13_s_00100101100010010110"
1705331163059954400,"send_rep_1_p_13_s_01000001011001000110000101101101"
1705331163539040900,"send_rep_1_p_13_s_100"
1705331164038155200,"send_rep_1_p_13_s_111"
1705331164558626200,"send_rep_1_p_14_s_00100101100010010110"
1705331165083590900,"send_rep_1_p_14_s_01000001011001000110000101101101"
1705331165570914500,"send_rep_1_p_14_s_100"
1705331166074224500,"send_rep_1_p_14_s_111"
1705331166595319000,"send_rep_1_p_15_s_00100101100010010110"
1705331167119575400,"send_rep_1_p_15_s_01000001011001000110000101101101"
1705331167606897300,"send_rep_1_p_15_s_100"
1705331168110740900,"send_rep_1_p_15_s_111"
1705331168630181200,"send_rep_1_p_16_s_00100101100010010110"
1705331169167479500,"send_rep_1_p_16_s_01000001011001000110000101101101"
1705331169671525900,"send_rep_1_p_16_s_100"
1705331170179052200,"send_rep_1_p_16_s_111"
1705331170703010500,"send_rep_1_p_17_s_00100101100010010110"
1705331171227185800,"send_rep_1_p_17_s_01000001011001000110000101101101"
1705331171715504800,"send_rep_1_p_17_s_100"
1705331172218968100,"send_rep_1_p_17_s_111"
1705331172738777400,"send_rep_1_p_18_s_00100101100010010110"
1705331173276056700,"send_rep_1_p_18_s_01000001011001000110000101101101"
1705331173779738800,"send_rep_1_p_18_s_100"
1705331174283655400,"send_rep_1_p_18_s_111"
1705331174807049700,"send_rep_1_p_19_s_00100101100010010110"
1705331175328211800,"send_rep_1_p_19_s_01000001011001000110000101101101"
1705331175807190900,"send_rep_1_p_19_s_100"
1705331176307302900,"send_rep_1_p_19_s_111"
1705331176827214300,"send_rep_1_p_20_s_00100101100010010110"
1705331177351790500,"send_rep_1_p_20_s_01000001011001000110000101101101"
1705331177839219300,"send_rep_1_p_20_s_100"
1705331178342871400,"send_rep_1_p_20_s_111"
1705331178863212900,"send_rep_1_p_21_s_00100101100010010110"
1705331179387442800,"send_rep_1_p_21_s_01000001011001000110000101101101"
1705331179874756600,"send_rep_1_p_21_s_100"
1705331180378548900,"send_rep_1_p_21_s_111"
1705331180898391700,"send_rep_1_p_22_s_00100101100010010110"
1705331181435591500,"send_rep_1_p_22_s_01000001011001000110000101101101"
1705331181938830300,"send_rep_1_p_22_s_100"
1705331182447395800,"send_rep_1_p_22_s_111"
1705331182967645600,"send_rep_1_p_23_s_00100101100010010110"
1705331183495937000,"send_rep_1_p_23_s_01000001011001000110000101101101"
1705331183982734100,"send_rep_1_p_23_s_100"
1705331184486790700,"send_rep_1_p_23_s_111"
1705331185007217600,"send_rep_1_p_24_s_00100101100010010110"
1705331185539246000,"send_rep_1_p_24_s_01000001011001000110000101101101"
1705331186048225500,"send_rep_1_p_24_s_100"
1705331186551760600,"send_rep_1_p_24_s_111"
1705331187075315700,"send_rep_1_p_25_s_00100101100010010110"
1705331187604276700,"send_rep_1_p_25_s_01000001011001000110000101101101"
1705331188091266400,"send_rep_1_p_25_s_100"
1705331188599786300,"send_rep_1_p_25_s_111"
1705331189118960200,"send_rep_1_p_26_s_00100101100010010110"
1705331189660137800,"send_rep_1_p_26_s_01000001011001000110000101101101"
1705331190168431400,"send_rep_1_p_26_s_100"
1705331190676181400,"send_rep_1_p_26_s_111"
1705331191204708800,"send_rep_2_p_1_s_00100101100010010110"
1705331191794811800,"send_rep_2_p_1_s_01000001011001000110000101101101"
1705331192379583000,"send_rep_2_p_1_s_100"
1705331192912988000,"send_rep_2_p_1_s_111"
1705331193461047800,"send_rep_2_p_2_s_00100101100010010110"
1705331194068170700,"send_rep_2_p_2_s_01000001011001000110000101101101"
1705331194682486200,"send_rep_2_p_2_s_100"
1705331195206773500,"send_rep_2_p_2_s_111"
1705331195751580700,"send_rep_2_p_3_s_00100101100010010110"
1705331196349724900,"send_rep_2_p_3_s_01000001011001000110000101101101"
1705331196935343900,"send_rep_2_p_3_s_100"
1705331197467725000,"send_rep_2_p_3_s_111"
1705331198016725100,"send_rep_2_p_4_s_00100101100010010110"
1705331198593728900,"send_rep_2_p_4_s_01000001011001000110000101101101"
1705331199171941900,"send_rep_2_p_4_s_100"
1705331199688017900,"send_rep_2_p_4_s_111"
1705331200219908000,"send_rep_2_p_5_s_00100101100010010110"
1705331200813772700,"send_rep_2_p_5_s_01000001011001000110000101101101"
1705331201404137100,"send_rep_2_p_5_s_100"
1705331201932145000,"send_rep_2_p_5_s_111"
1705331202481520600,"send_rep_2_p_6_s_00100101100010010110"
1705331203071483500,"send_rep_2_p_6_s_01000001011001000110000101101101"
1705331203648594000,"send_rep_2_p_6_s_100"
1705331204181219400,"send_rep_2_p_6_s_111"
1705331204730073800,"send_rep_2_p_7_s_00100101100010010110"
1705331205303868700,"send_rep_2_p_7_s_01000001011001000110000101101101"
1705331205864198300,"send_rep_2_p_7_s_100"
1705331206388307100,"send_rep_2_p_7_s_111"
1705331206934087300,"send_rep_2_p_8_s_00100101100010010110"
1705331207642500100,"send_rep_2_p_8_s_01000001011001000110000101101101"
1705331208407453100,"send_rep_2_p_8_s_100"
1705331208956363900,"send_rep_2_p_8_s_111"
1705331209517401500,"send_rep_2_p_9_s_00100101100010010110"
1705331210225922600,"send_rep_2_p_9_s_01000001011001000110000101101101"
1705331210996676700,"send_rep_2_p_9_s_100"
1705331211545677000,"send_rep_2_p_9_s_111"
1705331212110969800,"send_rep_2_p_10_s_00100101100010010110"
1705331212695970200,"send_rep_2_p_10_s_01000001011001000110000101101101"
1705331213277970400,"send_rep_2_p_10_s_100"
1705331213797970900,"send_rep_2_p_10_s_111"
1705331214342623500,"send_rep_2_p_11_s_00100101100010010110"
1705331214908478600,"send_rep_2_p_11_s_01000001011001000110000101101101"
1705331215452765500,"send_rep_2_p_11_s_100"
1705331215977706900,"send_rep_2_p_11_s_111"
1705331216521874400,"send_rep_2_p_12_s_00100101100010010110"
1705331217099822300,"send_rep_2_p_12_s_01000001011001000110000101101101"
1705331217656845500,"send_rep_2_p_12_s_100"
1705331218185492700,"send_rep_2_p_12_s_111"
1705331218733700000,"send_rep_2_p_13_s_00100101100010010110"
1705331219258168400,"send_rep_2_p_13_s_01000001011001000110000101101101"
1705331219750313700,"send_rep_2_p_13_s_100"
1705331220250531600,"send_rep_2_p_13_s_111"
1705331220769394300,"send_rep_2_p_14_s_00100101100010010110"
1705331221306394200,"send_rep_2_p_14_s_01000001011001000110000101101101"
1705331221810462600,"send_rep_2_p_14_s_100"
1705331222314049000,"send_rep_2_p_14_s_111"
1705331222838493500,"send_rep_2_p_15_s_00100101100010010110"
1705331223374976400,"send_rep_2_p_15_s_01000001011001000110000101101101"
1705331223883194100,"send_rep_2_p_15_s_100"
1705331224387112100,"send_rep_2_p_15_s_111"
1705331224910680500,"send_rep_2_p_16_s_00100101100010010110"
1705331225468041900,"send_rep_2_p_16_s_01000001011001000110000101101101"
1705331226008562200,"send_rep_2_p_16_s_100"
1705331226521860400,"send_rep_2_p_16_s_111"
1705331227049469000,"send_rep_2_p_17_s_00100101100010010110"
1705331227585285300,"send_rep_2_p_17_s_01000001011001000110000101101101"
1705331228090442900,"send_rep_2_p_17_s_100"
1705331228597420400,"send_rep_2_p_17_s_111"
1705331229121912300,"send_rep_2_p_18_s_00100101100010010110"
1705331229679198700,"send_rep_2_p_18_s_01000001011001000110000101101101"
1705331230219200700,"send_rep_2_p_18_s_100"
1705331230731851800,"send_rep_2_p_18_s_111"
1705331231259760200,"send_rep_2_p_19_s_00100101100010010110"
1705331231784443700,"send_rep_2_p_19_s_01000001011001000110000101101101"
1705331232271980400,"send_rep_2_p_19_s_100"
1705331232775984700,"send_rep_2_p_19_s_111"
1705331233295715300,"send_rep_2_p_20_s_00100101100010010110"
1705331233827878700,"send_rep_2_p_20_s_01000001011001000110000101101101"
1705331234336488700,"send_rep_2_p_20_s_100"
1705331234839803900,"send_rep_2_p_20_s_111"
1705331235360263200,"send_rep_2_p_21_s_00100101100010010110"
1705331235896521900,"send_rep_2_p_21_s_01000001011001000110000101101101"
1705331236405468700,"send_rep_2_p_21_s_100"
1705331236909263300,"send_rep_2_p_21_s_111"
1705331237433008400,"send_rep_2_p_22_s_00100101100010010110"
1705331237990319800,"send_rep_2_p_22_s_01000001011001000110000101101101"
1705331238530638800,"send_rep_2_p_22_s_100"
1705331239043145000,"send_rep_2_p_22_s_111"
1705331239571044800,"send_rep_2_p_23_s_00100101100010010110"
1705331240107549000,"send_rep_2_p_23_s_01000001011001000110000101101101"
1705331240616224100,"send_rep_2_p_23_s_100"
1705331241119676900,"send_rep_2_p_23_s_111"
1705331241643776600,"send_rep_2_p_24_s_00100101100010010110"
1705331242200978500,"send_rep_2_p_24_s_01000001011001000110000101101101"
1705331242741841700,"send_rep_2_p_24_s_100"
1705331243253038400,"send_rep_2_p_24_s_111"
1705331243783137700,"send_rep_2_p_25_s_00100101100010010110"
1705331244323322500,"send_rep_2_p_25_s_01000001011001000110000101101101"
1705331244831280500,"send_rep_2_p_25_s_100"
1705331245338613000,"send_rep_2_p_25_s_111"
1705331245867718900,"send_rep_2_p_26_s_00100101100010010110"
1705331246431982800,"send_rep_2_p_26_s_01000001011001000110000101101101"
1705331246981336200,"send_rep_2_p_26_s_100"
1705331247496936500,"send_rep_2_p_26_s_111"
1705331248033893700,"send_rep_3_p_1_s_00100101100010010110"
1705331248665252200,"send_rep_3_p_1_s_01000001011001000110000101101101"
1705331249307791900,"send_rep_3_p_1_s_100"
1705331249856196300,"send_rep_3_p_1_s_111"
1705331250418346900,"send_rep_3_p_2_s_00100101100010010110"
1705331251073584100,"send_rep_3_p_2_s_01000001011001000110000101101101"
1705331251757734200,"send_rep_3_p_2_s_100"
1705331252297766900,"send_rep_3_p_2_s_111"
1705331252855206300,"send_rep_3_p_3_s_00100101100010010110"
1705331253490171000,"send_rep_3_p_3_s_01000001011001000110000101101101"
1705331254137755100,"send_rep_3_p_3_s_100"
1705331254682212900,"send_rep_3_p_3_s_111"
1705331255248001900,"send_rep_3_p_4_s_00100101100010010110"
1705331255861533300,"send_rep_3_p_4_s_01000001011001000110000101101101"
1705331256488149700,"send_rep_3_p_4_s_100"
1705331257008553500,"send_rep_3_p_4_s_111"
1705331257549564200,"send_rep_3_p_5_s_00100101100010010110"
1705331258184364700,"send_rep_3_p_5_s_01000001011001000110000101101101"
1705331258835191200,"send_rep_3_p_5_s_100"
1705331259376753100,"send_rep_3_p_5_s_111"
1705331259941326100,"send_rep_3_p_6_s_00100101100010010110"
1705331260568567200,"send_rep_3_p_6_s_01000001011001000110000101101101"
1705331261202542300,"send_rep_3_p_6_s_100"
1705331261751493400,"send_rep_3_p_6_s_111"
1705331262312924400,"send_rep_3_p_7_s_00100101100010010110"
1705331262919249000,"send_rep_3_p_7_s_01000001011001000110000101101101"
1705331263525692800,"send_rep_3_p_7_s_100"
1705331264062407300,"send_rep_3_p_7_s_111"
1705331264619317400,"send_rep_3_p_8_s_00100101100010010110"
1705331265422127800,"send_rep_3_p_8_s_01000001011001000110000101101101"
1705331266340092600,"send_rep_3_p_8_s_100"
1705331266912288800,"send_rep_3_p_8_s_111"
1705331267494851200,"send_rep_3_p_9_s_00100101100010010110"
1705331268302182600,"send_rep_3_p_9_s_01000001011001000110000101101101"
1705331269219633000,"send_rep_3_p_9_s_100"
1705331269792500100,"send_rep_3_p_9_s_111"
1705331270377967300,"send_rep_3_p_10_s_00100101100010010110"
1705331271004707600,"send_rep_3_p_10_s_01000001011001000110000101101101"
1705331271639253700,"send_rep_3_p_10_s_100"
1705331272172775700,"send_rep_3_p_10_s_111"
1705331272725615500,"send_rep_3_p_11_s_00100101100010010110"
1705331273319530100,"send_rep_3_p_11_s_01000001011001000110000101101101"
1705331273901208300,"send_rep_3_p_11_s_100"
1705331274437163900,"send_rep_3_p_11_s_111"
1705331274995555700,"send_rep_3_p_12_s_00100101100010010110"
1705331275605213400,"send_rep_3_p_12_s_01000001011001000110000101101101"
1705331276207379500,"send_rep_3_p_12_s_100"
1705331276752084700,"send_rep_3_p_12_s_111"
1705331277313088900,"send_rep_3_p_13_s_00100101100010010110"
1705331277845022100,"send_rep_3_p_13_s_01000001011001000110000101101101"
1705331278340982200,"send_rep_3_p_13_s_100"
1705331278844991200,"send_rep_3_p_13_s_111"
1705331279365013600,"send_rep_3_p_14_s_00100101100010010110"
1705331279913673700,"send_rep_3_p_14_s_01000001011001000110000101101101"
1705331280434146400,"send_rep_3_p_14_s_100"
1705331280941679000,"send_rep_3_p_14_s_111"
1705331281466322900,"send_rep_3_p_15_s_00100101100010010110"
1705331282015283700,"send_rep_3_p_15_s_01000001011001000110000101101101"
1705331282539285300,"send_rep_3_p_15_s_100"
1705331283047914500,"send_rep_3_p_15_s_111"
1705331283571521200,"send_rep_3_p_16_s_00100101100010010110"
1705331284154031700,"send_rep_3_p_16_s_01000001011001000110000101101101"
1705331284731322800,"send_rep_3_p_16_s_100"
1705331285246960400,"send_rep_3_p_16_s_111"
1705331285779520400,"send_rep_3_p_17_s_00100101100010010110"
1705331286328213000,"send_rep_3_p_17_s_01000001011001000110000101101101"
1705331286853212000,"send_rep_3_p_17_s_100"
1705331287360764200,"send_rep_3_p_17_s_111"
1705331287885443000,"send_rep_3_p_18_s_00100101100010010110"
1705331288466235200,"send_rep_3_p_18_s_01000001011001000110000101101101"
1705331289040227600,"send_rep_3_p_18_s_100"
1705331289556428400,"send_rep_3_p_18_s_111"
1705331290093890200,"send_rep_3_p_19_s_00100101100010010110"
1705331290621836300,"send_rep_3_p_19_s_01000001011001000110000101101101"
1705331291121207700,"send_rep_3_p_19_s_100"
1705331291624991600,"send_rep_3_p_19_s_111"
1705331292145494300,"send_rep_3_p_20_s_00100101100010010110"
1705331292689990300,"send_rep_3_p_20_s_01000001011001000110000101101101"
1705331293214756300,"send_rep_3_p_20_s_100"
1705331293722156600,"send_rep_3_p_20_s_111"
1705331294247280300,"send_rep_3_p_21_s_00100101100010010110"
1705331294790909400,"send_rep_3_p_21_s_01000001011001000110000101101101"
1705331295315910000,"send_rep_3_p_21_s_100"
1705331295823318600,"send_rep_3_p_21_s_111"
1705331296351523400,"send_rep_3_p_22_s_00100101100010010110"
1705331296933694300,"send_rep_3_p_22_s_01000001011001000110000101101101"
1705331297507108400,"send_rep_3_p_22_s_100"
1705331298023376800,"send_rep_3_p_22_s_111"
1705331298556078900,"send_rep_3_p_23_s_00100101100010010110"
1705331299104725300,"send_rep_3_p_23_s_01000001011001000110000101101101"
1705331299628400200,"send_rep_3_p_23_s_100"
1705331300137366500,"send_rep_3_p_23_s_111"
1705331300665639300,"send_rep_3_p_24_s_00100101100010010110"
1705331301246461100,"send_rep_3_p_24_s_01000001011001000110000101101101"
1705331301820825100,"send_rep_3_p_24_s_100"
1705331302336055000,"send_rep_3_p_24_s_111"
1705331302868984900,"send_rep_3_p_25_s_00100101100010010110"
1705331303421864400,"send_rep_3_p_25_s_01000001011001000110000101101101"
1705331303954368100,"send_rep_3_p_25_s_100"
1705331304466147400,"send_rep_3_p_25_s_111"
1705331304999624900,"send_rep_3_p_26_s_00100101100010010110"
1705331305588768700,"send_rep_3_p_26_s_01000001011001000110000101101101"
1705331306174768400,"send_rep_3_p_26_s_100"
1705331306702761200,"send_rep_3_p_26_s_111"
1705331307243634100,"send_rep_4_p_1_s_00100101100010010110"
1705331307919996900,"send_rep_4_p_1_s_01000001011001000110000101101101"
1705331308615457300,"send_rep_4_p_1_s_100"
1705331309180914200,"send_rep_4_p_1_s_111"
1705331309758960000,"send_rep_4_p_2_s_00100101100010010110"
1705331310459567200,"send_rep_4_p_2_s_01000001011001000110000101101101"
1705331311212390500,"send_rep_4_p_2_s_100"
1705331311766614600,"send_rep_4_p_2_s_111"
1705331312338598300,"send_rep_4_p_3_s_00100101100010010110"
1705331313015336400,"send_rep_4_p_3_s_01000001011001000110000101101101"
1705331313723869400,"send_rep_4_p_3_s_100"
1705331314280594500,"send_rep_4_p_3_s_111"
1705331314858544800,"send_rep_4_p_4_s_00100101100010010110"
1705331315505861000,"send_rep_4_p_4_s_01000001011001000110000101101101"
1705331316185328400,"send_rep_4_p_4_s_100"
1705331316717808900,"send_rep_4_p_4_s_111"
1705331317263113700,"send_rep_4_p_5_s_00100101100010010110"
1705331317939219900,"send_rep_4_p_5_s_01000001011001000110000101101101"
1705331318647265500,"send_rep_4_p_5_s_100"
1705331319204189500,"send_rep_4_p_5_s_111"
1705331319781824700,"send_rep_4_p_6_s_00100101100010010110"
1705331320449939100,"send_rep_4_p_6_s_01000001011001000110000101101101"
1705331321142624900,"send_rep_4_p_6_s_100"
1705331321703129900,"send_rep_4_p_6_s_111"
1705331322280519400,"send_rep_4_p_7_s_00100101100010010110"
1705331322919536700,"send_rep_4_p_7_s_01000001011001000110000101101101"
1705331323566673500,"send_rep_4_p_7_s_100"
1705331324119174400,"send_rep_4_p_7_s_111"
1705331324689363100,"send_rep_4_p_8_s_00100101100010010110"
1705331325585732700,"send_rep_4_p_8_s_01000001011001000110000101101101"
1705331326655484400,"send_rep_4_p_8_s_100"
1705331327248827300,"send_rep_4_p_8_s_111"
1705331327851532900,"send_rep_4_p_9_s_00100101100010010110"
1705331328756683700,"send_rep_4_p_9_s_01000001011001000110000101101101"
1705331329825729100,"send_rep_4_p_9_s_100"
1705331330424515000,"send_rep_4_p_9_s_111"
1705331331033978000,"send_rep_4_p_10_s_00100101100010010110"
1705331331693582000,"send_rep_4_p_10_s_01000001011001000110000101101101"
1705331332381977900,"send_rep_4_p_10_s_100"
1705331332930161500,"send_rep_4_p_10_s_111"
1705331333491828100,"send_rep_4_p_11_s_00100101100010010110"
1705331334113965800,"send_rep_4_p_11_s_01000001011001000110000101101101"
1705331334732836900,"send_rep_4_p_11_s_100"
1705331335281205400,"send_rep_4_p_11_s_111"
1705331335851835300,"send_rep_4_p_12_s_00100101100010010110"
1705331336489625800,"send_rep_4_p_12_s_01000001011001000110000101101101"
1705331337136996000,"send_rep_4_p_12_s_100"
1705331337694406800,"send_rep_4_p_12_s_111"
1705331338271728800,"send_rep_4_p_13_s_00100101100010010110"
1705331338808486700,"send_rep_4_p_13_s_01000001011001000110000101101101"
1705331339316255400,"send_rep_4_p_13_s_100"
1705331339820572500,"send_rep_4_p_13_s_111"
1705331340345090600,"send_rep_4_p_14_s_00100101100010010110"
1705331340901487900,"send_rep_4_p_14_s_01000001011001000110000101101101"
1705331341442497900,"send_rep_4_p_14_s_100"
1705331341949644400,"send_rep_4_p_14_s_111"
1705331342478316400,"send_rep_4_p_15_s_00100101100010010110"
1705331343036055100,"send_rep_4_p_15_s_01000001011001000110000101101101"
1705331343576444700,"send_rep_4_p_15_s_100"
1705331344088689200,"send_rep_4_p_15_s_111"
1705331344616363500,"send_rep_4_p_16_s_00100101100010010110"
1705331345222745700,"send_rep_4_p_16_s_01000001011001000110000101101101"
1705331345832745800,"send_rep_4_p_16_s_100"
1705331346353765100,"send_rep_4_p_16_s_111"
1705331346890532300,"send_rep_4_p_17_s_00100101100010010110"
1705331347451744300,"send_rep_4_p_17_s_01000001011001000110000101101101"
1705331347991507500,"send_rep_4_p_17_s_100"
1705331348503723700,"send_rep_4_p_17_s_111"
1705331349032461200,"send_rep_4_p_18_s_00100101100010010110"
1705331349634886200,"send_rep_4_p_18_s_01000001011001000110000101101101"
1705331350244541500,"send_rep_4_p_18_s_100"
1705331350768923600,"send_rep_4_p_18_s_111"
1705331351305686300,"send_rep_4_p_19_s_00100101100010010110"
1705331351842111700,"send_rep_4_p_19_s_01000001011001000110000101101101"
1705331352350349100,"send_rep_4_p_19_s_100"
1705331352854979400,"send_rep_4_p_19_s_111"
1705331353379024100,"send_rep_4_p_20_s_00100101100010010110"
1705331353936223900,"send_rep_4_p_20_s_01000001011001000110000101101101"
1705331354476543300,"send_rep_4_p_20_s_100"
1705331354983682200,"send_rep_4_p_20_s_111"
1705331355508467100,"send_rep_4_p_21_s_00100101100010010110"
1705331356069951700,"send_rep_4_p_21_s_01000001011001000110000101101101"
1705331356609949200,"send_rep_4_p_21_s_100"
1705331357122566100,"send_rep_4_p_21_s_111"
1705331357650739600,"send_rep_4_p_22_s_00100101100010010110"
1705331358253465500,"send_rep_4_p_22_s_01000001011001000110000101101101"
1705331358863158200,"send_rep_4_p_22_s_100"
1705331359387135400,"send_rep_4_p_22_s_111"
1705331359924180100,"send_rep_4_p_23_s_00100101100010010110"
1705331360485369200,"send_rep_4_p_23_s_01000001011001000110000101101101"
1705331361025865900,"send_rep_4_p_23_s_100"
1705331361537866400,"send_rep_4_p_23_s_111"
1705331362066485200,"send_rep_4_p_24_s_00100101100010010110"
1705331362668485200,"send_rep_4_p_24_s_01000001011001000110000101101101"
1705331363278484700,"send_rep_4_p_24_s_100"
1705331363798878700,"send_rep_4_p_24_s_111"
1705331364339832700,"send_rep_4_p_25_s_00100101100010010110"
1705331364904556500,"send_rep_4_p_25_s_01000001011001000110000101101101"
1705331365454030200,"send_rep_4_p_25_s_100"
1705331365974029400,"send_rep_4_p_25_s_111"
1705331366507029900,"send_rep_4_p_26_s_00100101100010010110"
1705331367125029700,"send_rep_4_p_26_s_01000001011001000110000101101101"
1705331367752029900,"send_rep_4_p_26_s_100"
1705331368284030100,"send_rep_4_p_26_s_111"
1705331368836990700,"send_rep_5_p_1_s_00100101100010010110"
1705331369550270500,"send_rep_5_p_1_s_01000001011001000110000101101101"
1705331370307897300,"send_rep_5_p_1_s_100"
1705331370885157100,"send_rep_5_p_1_s_111"
1705331371479189400,"send_rep_5_p_2_s_00100101100010010110"
1705331372229189100,"send_rep_5_p_2_s_01000001011001000110000101101101"
1705331373052192000,"send_rep_5_p_2_s_100"
1705331373617317100,"send_rep_5_p_2_s_111"
1705331374203539200,"send_rep_5_p_3_s_00100101100010010110"
1705331374920260500,"send_rep_5_p_3_s_01000001011001000110000101101101"
1705331375685792500,"send_rep_5_p_3_s_100"
1705331376260006500,"send_rep_5_p_3_s_111"
1705331376853089800,"send_rep_5_p_4_s_00100101100010010110"
1705331377533774600,"send_rep_5_p_4_s_01000001011001000110000101101101"
1705331378266876000,"send_rep_5_p_4_s_100"
1705331378803183000,"send_rep_5_p_4_s_111"
1705331379360527400,"send_rep_5_p_5_s_00100101100010010110"
1705331380076625100,"send_rep_5_p_5_s_01000001011001000110000101101101"
1705331380843128300,"send_rep_5_p_5_s_100"
1705331381416887100,"send_rep_5_p_5_s_111"
1705331382006783700,"send_rep_5_p_6_s_00100101100010010110"
1705331382711061800,"send_rep_5_p_6_s_01000001011001000110000101101101"
1705331383456241400,"send_rep_5_p_6_s_100"
1705331384033976000,"send_rep_5_p_6_s_111"
1705331384628791900,"send_rep_5_p_7_s_00100101100010010110"
1705331385295623700,"send_rep_5_p_7_s_01000001011001000110000101101101"
1705331385988158100,"send_rep_5_p_7_s_100"
1705331386553463700,"send_rep_5_p_7_s_111"
1705331387135222300,"send_rep_5_p_8_s_00100101100010010110"
1705331388134830500,"send_rep_5_p_8_s_01000001011001000110000101101101"
1705331389346811700,"send_rep_5_p_8_s_100"
1705331389965015900,"send_rep_5_p_8_s_111"
1705331390591424000,"send_rep_5_p_9_s_00100101100010010110"
1705331391590930400,"send_rep_5_p_9_s_01000001011001000110000101101101"
1705331392811936300,"send_rep_5_p_9_s_100"
1705331393434926400,"send_rep_5_p_9_s_111"
1705331394064926600,"send_rep_5_p_10_s_00100101100010010110"
1705331394762011300,"send_rep_5_p_10_s_01000001011001000110000101101101"
1705331395507314500,"send_rep_5_p_10_s_100"
1705331396065064500,"send_rep_5_p_10_s_111"
1705331396642196500,"send_rep_5_p_11_s_00100101100010010110"
1705331397288980500,"send_rep_5_p_11_s_01000001011001000110000101101101"
1705331397944645600,"send_rep_5_p_11_s_100"
1705331398505664500,"send_rep_5_p_11_s_111"
1705331399087150600,"send_rep_5_p_12_s_00100101100010010110"
1705331399758689100,"send_rep_5_p_12_s_01000001011001000110000101101101"
1705331400447185100,"send_rep_5_p_12_s_100"
1705331401021186500,"send_rep_5_p_12_s_111"
1705331401614364200,"send_rep_5_p_13_s_00100101100010010110"
1705331402155150700,"send_rep_5_p_13_s_01000001011001000110000101101101"
1705331402670971000,"send_rep_5_p_13_s_100"
1705331403179312400,"send_rep_5_p_13_s_111"
1705331403703347200,"send_rep_5_p_14_s_00100101100010010110"
1705331404269139000,"send_rep_5_p_14_s_01000001011001000110000101101101"
1705331404826461600,"send_rep_5_p_14_s_100"
1705331405337856500,"send_rep_5_p_14_s_111"
1705331405866537800,"send_rep_5_p_15_s_00100101100010010110"
1705331406440107500,"send_rep_5_p_15_s_01000001011001000110000101101101"
1705331406997962300,"send_rep_5_p_15_s_100"
1705331407512518900,"send_rep_5_p_15_s_111"
1705331408042068700,"send_rep_5_p_16_s_00100101100010010110"
1705331408668530600,"send_rep_5_p_16_s_01000001011001000110000101101101"
1705331409315198900,"send_rep_5_p_16_s_100"
1705331409840034900,"send_rep_5_p_16_s_111"
1705331410384358600,"send_rep_5_p_17_s_00100101100010010110"
1705331410954061200,"send_rep_5_p_17_s_01000001011001000110000101101101"
1705331411515383900,"send_rep_5_p_17_s_100"
1705331412026580900,"send_rep_5_p_17_s_111"
1705331412559201300,"send_rep_5_p_18_s_00100101100010010110"
1705331413186317800,"send_rep_5_p_18_s_01000001011001000110000101101101"
1705331413833020600,"send_rep_5_p_18_s_100"
1705331414357457500,"send_rep_5_p_18_s_111"
1705331414902111600,"send_rep_5_p_19_s_00100101100010010110"
1705331415443864400,"send_rep_5_p_19_s_01000001011001000110000101101101"
1705331415959100000,"send_rep_5_p_19_s_100"
1705331416463024300,"send_rep_5_p_19_s_111"
1705331416987338900,"send_rep_5_p_20_s_00100101100010010110"
1705331417557170900,"send_rep_5_p_20_s_01000001011001000110000101101101"
1705331418113821600,"send_rep_5_p_20_s_100"
1705331418626735200,"send_rep_5_p_20_s_111"
1705331419154538500,"send_rep_5_p_21_s_00100101100010010110"
1705331419724078500,"send_rep_5_p_21_s_01000001011001000110000101101101"
1705331420285191200,"send_rep_5_p_21_s_100"
1705331420796827800,"send_rep_5_p_21_s_111"
1705331421329020000,"send_rep_5_p_22_s_00100101100010010110"
1705331421956941700,"send_rep_5_p_22_s_01000001011001000110000101101101"
1705331422603242500,"send_rep_5_p_22_s_100"
1705331423127231300,"send_rep_5_p_22_s_111"
1705331423672473000,"send_rep_5_p_23_s_00100101100010010110"
1705331424241335400,"send_rep_5_p_23_s_01000001011001000110000101101101"
1705331424802429300,"send_rep_5_p_23_s_100"
1705331425315186400,"send_rep_5_p_23_s_111"
1705331425847623200,"send_rep_5_p_24_s_00100101100010010110"
1705331426473743300,"send_rep_5_p_24_s_01000001011001000110000101101101"
1705331427117676400,"send_rep_5_p_24_s_100"
1705331427645225800,"send_rep_5_p_24_s_111"
1705331428190740800,"send_rep_5_p_25_s_00100101100010010110"
1705331428768176300,"send_rep_5_p_25_s_01000001011001000110000101101101"
1705331429336925000,"send_rep_5_p_25_s_100"
1705331429857211400,"send_rep_5_p_25_s_111"
1705331430398129400,"send_rep_5_p_26_s_00100101100010010110"
1705331431041669300,"send_rep_5_p_26_s_01000001011001000110000101101101"
1705331431705091200,"send_rep_5_p_26_s_100"
1705331432249274700,"send_rep_5_p_26_s_111"
1705331432810520500,"send_rep_6_p_1_s_00100101100010010110"
1705331433564774400,"send_rep_6_p_1_s_01000001011001000110000101101101"
1705331434375356100,"send_rep_6_p_1_s_100"
1705331434969104500,"send_rep_6_p_1_s_111"
1705331435580005200,"send_rep_6_p_2_s_00100101100010010110"
1705331436374132300,"send_rep_6_p_2_s_01000001011001000110000101101101"
1705331437271991700,"send_rep_6_p_2_s_100"
1705331437848621800,"send_rep_6_p_2_s_111"
1705331438447510500,"send_rep_6_p_3_s_00100101100010010110"
1705331439204523400,"send_rep_6_p_3_s_01000001011001000110000101101101"
1705331440032387600,"send_rep_6_p_3_s_100"
1705331440618389900,"send_rep_6_p_3_s_111"
1705331441228934100,"send_rep_6_p_4_s_00100101100010010110"
1705331441941130800,"send_rep_6_p_4_s_01000001011001000110000101101101"
1705331442727909400,"send_rep_6_p_4_s_100"
1705331443273215700,"send_rep_6_p_4_s_111"
1705331443833886600,"send_rep_6_p_5_s_00100101100010010110"
1705331444591489800,"send_rep_6_p_5_s_01000001011001000110000101101101"
1705331445415151700,"send_rep_6_p_5_s_100"
1705331446004909700,"send_rep_6_p_5_s_111"
1705331446610347100,"send_rep_6_p_6_s_00100101100010010110"
1705331447356704500,"send_rep_6_p_6_s_01000001011001000110000101101101"
1705331448154903900,"send_rep_6_p_6_s_100"
1705331448745762700,"send_rep_6_p_6_s_111"
1705331449355017800,"send_rep_6_p_7_s_00100101100010010110"
1705331450055886200,"send_rep_6_p_7_s_01000001011001000110000101101101"
1705331450788928800,"send_rep_6_p_7_s_100"
1705331451370112100,"send_rep_6_p_7_s_111"
1705331451964158600,"send_rep_6_p_8_s_00100101100010010110"
1705331453057750100,"send_rep_6_p_8_s_01000001011001000110000101101101"
1705331454422376100,"send_rep_6_p_8_s_100"
1705331455061395600,"send_rep_6_p_8_s_111"
